<?xml version = '1.0' encoding = 'UTF-8'?>
<FKIndexAssociation class="oracle.dbtools.crest.model.design.relational.FKIndexAssociation" directorySegmentName="seg_0" id="0449D662-2E01-A104-9E33-866003761205" containerWithKeyObject="96BFD306-6108-FF6D-87CA-DDE5F2AB4C34" localFKIndex="6F2639BA-A20C-4D8C-E557-6EDFB697A82B" name="transaction_payment_FK">
<createdBy>inter</createdBy>
<createdTime>2023-01-02 14:32:07 UTC</createdTime>
<generatorID>D2F72E7C-BF07-04A5-D601-6E3ABB810230</generatorID>
<ownerDesignName>database_design</ownerDesignName>
<referredTableLongName>payment</referredTableLongName>
<deleteRule>NO ACTION</deleteRule>
<referredTableID>0F7B8430-04BC-7E70-964D-49BF94CC4C85</referredTableID>
<keyObject>70106B5B-DBEA-FCFD-B8F1-29A388A0EE7F</keyObject>
<referredKeyID>70106B5B-DBEA-FCFD-B8F1-29A388A0EE7F</referredKeyID>
<mandatory>true</mandatory>
<refColNames>ID_PAYMENT</refColNames>
<transferable>true</transferable>
<rely>false</rely>
<columnDependencyConstraintGenerateInDDL>true</columnDependencyConstraintGenerateInDDL>
</FKIndexAssociation>