<?xml version = '1.0' encoding = 'UTF-8'?>
<Table class="oracle.dbtools.crest.model.design.relational.Table" directorySegmentName="seg_0" id="0F7B8430-04BC-7E70-964D-49BF94CC4C85" name="payment">
<createdBy>inter</createdBy>
<createdTime>2023-01-02 14:32:07 UTC</createdTime>
<generatorID>D1BDF847-D96D-7FC5-F523-3A908FC3EBCA</generatorID>
<ownerDesignName>database_design</ownerDesignName>
<allowColumnReorder>false</allowColumnReorder>
<existDependencyGenerateInDDl>true</existDependencyGenerateInDDl>
<parsed>true</parsed>
<columns itemClass="oracle.dbtools.crest.model.design.relational.Column">
<Column name="type" id="B743BD8A-9462-D593-F1E4-DE0068EDF8E8">
<createdBy>inter</createdBy>
<createdTime>2023-01-02 14:32:07 UTC</createdTime>
<generatorID>5C90AEDD-7ACF-6953-267A-22E07536FBE6</generatorID>
<ownerDesignName>database_design</ownerDesignName>
<useDomainConstraints>false</useDomainConstraints>
<use>1</use>
<logicalDatatype>LOGDT024</logicalDatatype>
<dataTypeSize>255 CHAR</dataTypeSize>
<ownDataTypeParameters>255 CHAR,,</ownDataTypeParameters>
<autoIncrementCycle>false</autoIncrementCycle>
</Column>
<Column name="descripition" id="77F308B5-5F4C-1889-DF44-78FD2D0C1E47">
<createdBy>inter</createdBy>
<createdTime>2023-01-02 14:32:07 UTC</createdTime>
<generatorID>A9167763-F2CB-AD1C-81E6-D83ECC64330A</generatorID>
<ownerDesignName>database_design</ownerDesignName>
<nullsAllowed>true</nullsAllowed>
<useDomainConstraints>false</useDomainConstraints>
<use>1</use>
<logicalDatatype>LOGDT024</logicalDatatype>
<dataTypeSize>255 CHAR</dataTypeSize>
<ownDataTypeParameters>255 CHAR,,</ownDataTypeParameters>
<autoIncrementCycle>false</autoIncrementCycle>
</Column>
<Column name="ID_PAYMENT" id="1DAB035D-3272-990C-7D37-22E9436BA9AF">
<createdBy>inter</createdBy>
<createdTime>2023-01-02 14:32:07 UTC</createdTime>
<generatorID>CCB47955-7D78-5E13-AC8C-CF16C68209D4</generatorID>
<ownerDesignName>database_design</ownerDesignName>
<useDomainConstraints>false</useDomainConstraints>
<use>1</use>
<logicalDatatype>LOGDT011</logicalDatatype>
<ownDataTypeParameters>,,</ownDataTypeParameters>
<autoIncrementCycle>false</autoIncrementCycle>
</Column>
</columns>
<indexes itemClass="oracle.dbtools.crest.model.design.relational.Index">
<ind_PK_UK id="70106B5B-DBEA-FCFD-B8F1-29A388A0EE7F" name="payment_PK">
<createdBy>inter</createdBy>
<createdTime>2023-01-02 14:32:07 UTC</createdTime>
<generatorID>1AD262B6-C6E3-DA61-60A5-7C228886CB5E</generatorID>
<ownerDesignName>database_design</ownerDesignName>
<pk>true</pk>
<indexState>Primary Constraint</indexState>
<isSurrogateKey>false</isSurrogateKey>
<indexColumnUsage>
<colUsage columnID="1DAB035D-3272-990C-7D37-22E9436BA9AF"/>
</indexColumnUsage>
</ind_PK_UK>
</indexes>
</Table>