<?xml version = '1.0' encoding = 'UTF-8'?>
<Table class="oracle.dbtools.crest.model.design.relational.Table" directorySegmentName="seg_0" id="AC9EC72C-C1B8-4B7F-33FE-A6EB5695EB6A" name="colors">
<createdBy>inter</createdBy>
<createdTime>2023-01-02 14:32:06 UTC</createdTime>
<generatorID>4C54D6EE-240F-546A-B7B8-EBB8094FF227</generatorID>
<ownerDesignName>database_design</ownerDesignName>
<allowColumnReorder>false</allowColumnReorder>
<existDependencyGenerateInDDl>true</existDependencyGenerateInDDl>
<parsed>true</parsed>
<columns itemClass="oracle.dbtools.crest.model.design.relational.Column">
<Column name="name" id="7F84990B-A16C-23F9-4306-7526240D329B">
<createdBy>inter</createdBy>
<createdTime>2023-01-02 14:32:07 UTC</createdTime>
<generatorID>1A979805-0EA4-C6D7-D390-84B05521DA57</generatorID>
<ownerDesignName>database_design</ownerDesignName>
<useDomainConstraints>false</useDomainConstraints>
<use>1</use>
<logicalDatatype>LOGDT024</logicalDatatype>
<dataTypeSize>255 CHAR</dataTypeSize>
<ownDataTypeParameters>255 CHAR,,</ownDataTypeParameters>
<autoIncrementCycle>false</autoIncrementCycle>
</Column>
<Column name="color_hex" id="E52438ED-20B9-7AD3-FB4E-FE8342935C4A">
<createdBy>inter</createdBy>
<createdTime>2023-01-02 14:32:07 UTC</createdTime>
<generatorID>024E2C69-5814-E787-3F06-D09EE9D252A0</generatorID>
<ownerDesignName>database_design</ownerDesignName>
<useDomainConstraints>false</useDomainConstraints>
<use>1</use>
<logicalDatatype>LOGDT025</logicalDatatype>
<dataTypeSize>6</dataTypeSize>
<ownDataTypeParameters>6,,</ownDataTypeParameters>
<autoIncrementCycle>false</autoIncrementCycle>
</Column>
<Column name="ID_COLOR" id="FD2CABE8-5235-AAE9-1D03-0E60B6CE9D61">
<createdBy>inter</createdBy>
<createdTime>2023-01-02 14:32:07 UTC</createdTime>
<generatorID>C90082CF-46DD-B5AC-EF82-947BDB1F1E6D</generatorID>
<ownerDesignName>database_design</ownerDesignName>
<useDomainConstraints>false</useDomainConstraints>
<use>1</use>
<logicalDatatype>LOGDT011</logicalDatatype>
<ownDataTypeParameters>,,</ownDataTypeParameters>
<autoIncrementCycle>false</autoIncrementCycle>
</Column>
</columns>
<indexes itemClass="oracle.dbtools.crest.model.design.relational.Index">
<ind_PK_UK id="082D6464-8709-29B8-67F3-78460567E0FD" name="colors_PK">
<createdBy>inter</createdBy>
<createdTime>2023-01-02 14:32:07 UTC</createdTime>
<generatorID>6C81E853-61CE-2EEE-C5DF-7ADA1A9BDA74</generatorID>
<ownerDesignName>database_design</ownerDesignName>
<pk>true</pk>
<indexState>Primary Constraint</indexState>
<isSurrogateKey>false</isSurrogateKey>
<indexColumnUsage>
<colUsage columnID="FD2CABE8-5235-AAE9-1D03-0E60B6CE9D61"/>
</indexColumnUsage>
</ind_PK_UK>
</indexes>
</Table>