{
	"scene": {
		"version": 1,
		"assets": {
			"renders": [
				{
					"name": "Platonic",
					"index": 0,
					"meshes": 1,
					"skinned": false,
					"vertices": 60,
					"triangles": 20,
					"attributes": {
						"POSITION": 1,
						"NORMAL": 1,
						"TEXCOORD_0": 1
					},
					"meshCompression": ""
				}
			],
			"materials": [
				"Mat"
			]
		},
		"entities": {
			"0": {
				"name": "RootNode",
				"parent": -1,
				"position": [
					0,
					0,
					0
				],
				"rotation": [
					0,
					0,
					0
				],
				"scale": [
					0.01,
					0.01,
					0.01
				],
				"scaleCompensation": false,
				"children": [
					1
				]
			},
			"1": {
				"name": "Platonic",
				"parent": 0,
				"position": [
					0,
					0,
					0
				],
				"rotation": [
					0,
					0,
					0
				],
				"scale": [
					1,
					1,
					1
				],
				"scaleCompensation": false,
				"children": [

				],
				"components": {
					"render": {
						"id": 0,
						"materials": [
							"Mat"
						]
					}
				}
			}
		}
	}
}