<?xml version = '1.0' encoding = 'UTF-8'?>
<StoredProcedureOraclev10g class="oracle.dbtools.crest.model.design.storage.oracle.v10g.StoredProcedureOraclev10g" name="addNewCategory" directorySegmentName="seg_0" id="2AC13836-509D-90F6-3745-5751ED8092B3">
<createdBy>inter</createdBy>
<createdTime>2023-01-24 09:31:28 UTC</createdTime>
<ownerDesignName>database_design</ownerDesignName>
<source>create or replace procedure addNewCategory
(
    pName in varchar,
    pDescription in varchar
) 
LANGUAGE SQL
AS $$
 
    insert into category (&quot;Name&quot;,&quot;Description&quot;) 
    values(pName, pDescription);
$$


--CALL NewCategory(&apos;procedure&apos;,&apos;fromProcedure&apos;)</source>
</StoredProcedureOraclev10g>
