{
	"scene": {
		"version": 1,
		"assets": {
			"renders": [
				{
					"name": "Cylinder.004",
					"index": 0,
					"meshes": 3,
					"skinned": false,
					"vertices": 5988,
					"triangles": 1544,
					"attributes": {
						"POSITION": 1,
						"NORMAL": 1,
						"TEXCOORD_0": 1
					},
					"meshCompression": ""
				}
			],
			"materials": [
				"BrownDark",
				"Black",
				"Metal"
			]
		},
		"entities": {
			"0": {
				"name": "RootNode",
				"parent": -1,
				"position": [
					0,
					0,
					0
				],
				"rotation": [
					0,
					0,
					0
				],
				"scale": [
					1,
					1,
					1
				],
				"scaleCompensation": false,
				"children": [
					1
				]
			},
			"1": {
				"name": "spikeRoller",
				"parent": 0,
				"position": [
					0,
					0,
					0
				],
				"rotation": [
					0,
					0,
					0
				],
				"scale": [
					1,
					1,
					1
				],
				"scaleCompensation": false,
				"children": [

				],
				"components": {
					"render": {
						"id": 0,
						"materials": [
							"BrownDark",
							"Black",
							"Metal"
						]
					}
				}
			}
		}
	}
}