<?xml version = '1.0' encoding = 'UTF-8'?>
<relationalModel class="oracle.dbtools.crest.model.design.relational.RelationalDesign" name="Relational_1" id="76D85BF4-60D9-94A9-947A-DAD5785D9CA8" mainViewID="1062357B-AF08-DA2E-CFF9-150B0391CB8E">
<createdBy>inter</createdBy>
<createdTime>2023-01-02 13:51:14 UTC</createdTime>
<ownerDesignName>database_design</ownerDesignName>
<shouldBeOpen>false</shouldBeOpen>
<selectedRDBMSSite>32076570-2523-435C-2E92-BF29817DFF70</selectedRDBMSSite>
</relationalModel>