<?xml version = '1.0' encoding = 'UTF-8'?>
<Relation class="oracle.dbtools.crest.model.design.logical.Relation" name="Relation_7" directorySegmentName="seg_0" id="0A59385A-8D94-B109-2C0E-0BC3495C9249">
<createdBy>inter</createdBy>
<createdTime>2023-01-02 14:20:15 UTC</createdTime>
<ownerDesignName>database_design</ownerDesignName>
<engineerTo>
<item key="76D85BF4-60D9-94A9-947A-DAD5785D9CA8" value="true"/>
</engineerTo>
<sourcePk>4FD10C0A-73D4-E3B2-2CC5-9641B8DA33B5</sourcePk>
<identifying>false</identifying>
<optionalSource>true</optionalSource>
<optionalTarget>false</optionalTarget>
<sourceCardinality>1</sourceCardinality>
<sourceEntity>E82098A8-134C-58D2-CBC7-742BB4EFA8C0</sourceEntity>
<targetCardinalityString>1</targetCardinalityString>
<targetEntity>2EAB21E9-D47C-890C-37AD-DBCE3F9D328F</targetEntity>
<transferable>true</transferable>
<deleteRule>NO ACTION</deleteRule>
</Relation>