<?xml version = '1.0' encoding = 'UTF-8'?>
<Relation class="oracle.dbtools.crest.model.design.logical.Relation" name="Relation_10" directorySegmentName="seg_0" id="39FC7375-45B8-4886-3CDB-0BA627CA27FD">
<createdBy>inter</createdBy>
<createdTime>2023-01-02 14:21:17 UTC</createdTime>
<ownerDesignName>database_design</ownerDesignName>
<engineerTo>
<item key="76D85BF4-60D9-94A9-947A-DAD5785D9CA8" value="true"/>
</engineerTo>
<sourcePk>AD3942D9-F1C7-E3DA-2763-8C31A7DF9C72</sourcePk>
<identifying>true</identifying>
<optionalSource>true</optionalSource>
<optionalTarget>false</optionalTarget>
<sourceCardinality>1</sourceCardinality>
<sourceEntity>DFAD66B9-A275-1244-571B-D47363382407</sourceEntity>
<targetCardinalityString>*</targetCardinalityString>
<targetEntity>2EAB21E9-D47C-890C-37AD-DBCE3F9D328F</targetEntity>
<transferable>true</transferable>
<deleteRule>NO ACTION</deleteRule>
</Relation>