<?xml version = '1.0' encoding = 'UTF-8'?>
<Relation class="oracle.dbtools.crest.model.design.logical.Relation" name="buyer" directorySegmentName="seg_0" id="409FE20A-07AB-2446-BB6D-A5B207C11E1B">
<createdBy>inter</createdBy>
<createdTime>2023-01-02 14:28:20 UTC</createdTime>
<ownerDesignName>database_design</ownerDesignName>
<engineerTo>
<item key="76D85BF4-60D9-94A9-947A-DAD5785D9CA8" value="true"/>
</engineerTo>
<sourcePk>AD3942D9-F1C7-E3DA-2763-8C31A7DF9C72</sourcePk>
<identifying>true</identifying>
<optionalSource>true</optionalSource>
<optionalTarget>false</optionalTarget>
<sourceCardinality>1</sourceCardinality>
<sourceEntity>DFAD66B9-A275-1244-571B-D47363382407</sourceEntity>
<targetCardinalityString>*</targetCardinalityString>
<targetEntity>31FC4056-D459-2870-18E2-B66AD462F5DA</targetEntity>
<transferable>true</transferable>
<deleteRule>NO ACTION</deleteRule>
</Relation>