<?xml version = '1.0' encoding = 'UTF-8'?>
<Relation class="oracle.dbtools.crest.model.design.logical.Relation" name="Relation_5" directorySegmentName="seg_0" id="4AF2A494-A33F-9B2B-85AC-9B330A494E6B">
<createdBy>inter</createdBy>
<createdTime>2023-01-02 14:19:14 UTC</createdTime>
<ownerDesignName>database_design</ownerDesignName>
<engineerTo>
<item key="76D85BF4-60D9-94A9-947A-DAD5785D9CA8" value="true"/>
</engineerTo>
<sourcePk>FDF218FA-77A8-F7E8-BA3E-9E640EC3A136</sourcePk>
<targetPk>3D3CE0B8-DA03-E311-7E33-BEC73D4B0AF8</targetPk>
<identifying>false</identifying>
<optionalSource>false</optionalSource>
<optionalTarget>false</optionalTarget>
<sourceCardinality>1</sourceCardinality>
<sourceEntity>CF8E5EF4-010B-1E03-AA01-FCB665E26922</sourceEntity>
<targetCardinalityString>1</targetCardinalityString>
<targetEntity>DAE0E4F8-8B13-B216-D84D-9A8637CED151</targetEntity>
<transferable>true</transferable>
<deleteRule>NO ACTION</deleteRule>
</Relation>