<?xml version = '1.0' encoding = 'UTF-8'?>
<Relation class="oracle.dbtools.crest.model.design.logical.Relation" name="Relation_15" directorySegmentName="seg_0" id="4EB77B01-BF89-5E38-E38B-FA8F2856F019">
<createdBy>inter</createdBy>
<createdTime>2023-01-02 14:24:24 UTC</createdTime>
<ownerDesignName>database_design</ownerDesignName>
<engineerTo>
<item key="76D85BF4-60D9-94A9-947A-DAD5785D9CA8" value="true"/>
</engineerTo>
<sourcePk>23FD25C1-999B-A691-BE7B-F73F1468B939</sourcePk>
<identifying>false</identifying>
<optionalSource>true</optionalSource>
<optionalTarget>false</optionalTarget>
<sourceCardinality>1</sourceCardinality>
<sourceEntity>7CC0AB9C-74D7-D94B-7D23-C27862E2CDFA</sourceEntity>
<targetCardinalityString>*</targetCardinalityString>
<targetEntity>31FC4056-D459-2870-18E2-B66AD462F5DA</targetEntity>
<transferable>true</transferable>
<deleteRule>NO ACTION</deleteRule>
</Relation>