<?xml version = '1.0' encoding = 'UTF-8'?>
<Relation class="oracle.dbtools.crest.model.design.logical.Relation" name="Relation_6" directorySegmentName="seg_0" id="59B40A7C-5A84-DFB1-1F53-A8FD4B78C59E">
<createdBy>inter</createdBy>
<createdTime>2023-01-02 14:20:01 UTC</createdTime>
<ownerDesignName>database_design</ownerDesignName>
<engineerTo>
<item key="76D85BF4-60D9-94A9-947A-DAD5785D9CA8" value="true"/>
</engineerTo>
<sourcePk>3D3CE0B8-DA03-E311-7E33-BEC73D4B0AF8</sourcePk>
<identifying>false</identifying>
<optionalSource>true</optionalSource>
<optionalTarget>false</optionalTarget>
<sourceCardinality>1</sourceCardinality>
<sourceEntity>DAE0E4F8-8B13-B216-D84D-9A8637CED151</sourceEntity>
<targetCardinalityString>*</targetCardinalityString>
<targetEntity>2EAB21E9-D47C-890C-37AD-DBCE3F9D328F</targetEntity>
<transferable>true</transferable>
<deleteRule>NO ACTION</deleteRule>
</Relation>