<?xml version = '1.0' encoding = 'UTF-8'?>
<Entity class="oracle.dbtools.crest.model.design.logical.Entity" directorySegmentName="seg_0" id="2EAB21E9-D47C-890C-37AD-DBCE3F9D328F" name="product">
<createdBy>inter</createdBy>
<createdTime>2023-01-02 14:08:54 UTC</createdTime>
<ownerDesignName>database_design</ownerDesignName>
<engineerTo>
<item key="76D85BF4-60D9-94A9-947A-DAD5785D9CA8" value="true"/>
</engineerTo>
<adequatelyNormalized>NO</adequatelyNormalized>
<expectedVolumes>0</expectedVolumes>
<fwdEngineeringStrategyName>Single Table</fwdEngineeringStrategyName>
<growthPercent>0</growthPercent>
<growthType>Year</growthType>
<maxVolumes>9999999</maxVolumes>
<minVolumes>0</minVolumes>
<normalForm>Third</normalForm>
<attributes itemClass="oracle.dbtools.crest.model.design.logical.Attribute">
<Attribute name="name" id="27D498F6-F546-D0CA-3220-1FBCC729F7B4">
<createdBy>inter</createdBy>
<createdTime>2023-01-02 14:08:59 UTC</createdTime>
<ownerDesignName>database_design</ownerDesignName>
<engineerTo>
<item key="76D85BF4-60D9-94A9-947A-DAD5785D9CA8" value="true"/>
</engineerTo>
<useDomainConstraints>false</useDomainConstraints>
<use>1</use>
<logicalDatatype>LOGDT024</logicalDatatype>
<dataTypeSize>255 CHAR</dataTypeSize>
<ownDataTypeParameters>255 CHAR,,</ownDataTypeParameters>
</Attribute>
<Attribute name="price" id="BB2FB8B1-9E75-9999-857E-4DDC8D30018B">
<createdBy>inter</createdBy>
<createdTime>2023-01-02 14:09:08 UTC</createdTime>
<ownerDesignName>database_design</ownerDesignName>
<engineerTo>
<item key="76D85BF4-60D9-94A9-947A-DAD5785D9CA8" value="true"/>
</engineerTo>
<useDomainConstraints>false</useDomainConstraints>
<use>1</use>
<logicalDatatype>LOGDT021</logicalDatatype>
<dataTypePrecision>10</dataTypePrecision>
<dataTypeScale>2</dataTypeScale>
<ownDataTypeParameters>,10,2</ownDataTypeParameters>
</Attribute>
<Attribute name="description" id="16306ED6-E974-8CEF-9088-FA4B18AC2404">
<createdBy>inter</createdBy>
<createdTime>2023-01-02 14:09:20 UTC</createdTime>
<ownerDesignName>database_design</ownerDesignName>
<engineerTo>
<item key="76D85BF4-60D9-94A9-947A-DAD5785D9CA8" value="true"/>
</engineerTo>
<nullsAllowed>true</nullsAllowed>
<useDomainConstraints>false</useDomainConstraints>
<use>1</use>
<logicalDatatype>LOGDT024</logicalDatatype>
<dataTypeSize>512 CHAR</dataTypeSize>
<ownDataTypeParameters>512 CHAR,,</ownDataTypeParameters>
</Attribute>
<Attribute name="status" id="4F9BCC6A-CB73-2584-CFBB-8E38F014C498">
<createdBy>inter</createdBy>
<createdTime>2023-01-02 14:09:34 UTC</createdTime>
<ownerDesignName>database_design</ownerDesignName>
<engineerTo>
<item key="76D85BF4-60D9-94A9-947A-DAD5785D9CA8" value="true"/>
</engineerTo>
<nullsAllowed>true</nullsAllowed>
<use>0</use>
<ownDataTypeParameters>,,</ownDataTypeParameters>
</Attribute>
<Attribute name="ID_PRODUCT" id="5235C815-5839-C029-7067-6A66F47B3286">
<createdBy>inter</createdBy>
<createdTime>2023-01-02 14:09:50 UTC</createdTime>
<ownerDesignName>database_design</ownerDesignName>
<engineerTo>
<item key="76D85BF4-60D9-94A9-947A-DAD5785D9CA8" value="true"/>
</engineerTo>
<useDomainConstraints>false</useDomainConstraints>
<use>1</use>
<logicalDatatype>LOGDT011</logicalDatatype>
<ownDataTypeParameters>,,</ownDataTypeParameters>
</Attribute>
<Attribute name="ID_PRODUCER" id="2CEC1D75-D625-5858-8FCA-4ADE00DBB509">
<createdBy>inter</createdBy>
<createdTime>2023-01-02 14:20:01 UTC</createdTime>
<generatorID>59B40A7C-5A84-DFB1-1F53-A8FD4B78C59E</generatorID>
<ownerDesignName>database_design</ownerDesignName>
<engineerTo>
<item key="76D85BF4-60D9-94A9-947A-DAD5785D9CA8" value="true"/>
</engineerTo>
<referedAttribute>70F730F3-C633-D8ED-DB54-868BA85851B3</referedAttribute>
<useDomainConstraints>false</useDomainConstraints>
<use>1</use>
<logicalDatatype>LOGDT011</logicalDatatype>
<ownDataTypeParameters>,,</ownDataTypeParameters>
</Attribute>
<Attribute name="ID_CATEGORY" id="B6269D8B-3590-076A-0A21-5CF573BEB8BB">
<createdBy>inter</createdBy>
<createdTime>2023-01-02 14:20:15 UTC</createdTime>
<generatorID>0A59385A-8D94-B109-2C0E-0BC3495C9249</generatorID>
<ownerDesignName>database_design</ownerDesignName>
<engineerTo>
<item key="76D85BF4-60D9-94A9-947A-DAD5785D9CA8" value="true"/>
</engineerTo>
<referedAttribute>2B2CF0F3-05CF-0124-11B7-407318484A38</referedAttribute>
<useDomainConstraints>false</useDomainConstraints>
<use>1</use>
<logicalDatatype>LOGDT011</logicalDatatype>
<ownDataTypeParameters>,,</ownDataTypeParameters>
</Attribute>
<Attribute name="ID_COLOR" id="8DDA7D84-F8AB-BED1-4251-D5FD0B8A0D53">
<createdBy>inter</createdBy>
<createdTime>2023-01-02 14:20:41 UTC</createdTime>
<generatorID>84D2B4F9-0533-4C66-3748-8A1114D2E738</generatorID>
<ownerDesignName>database_design</ownerDesignName>
<engineerTo>
<item key="76D85BF4-60D9-94A9-947A-DAD5785D9CA8" value="true"/>
</engineerTo>
<referedAttribute>C90082CF-46DD-B5AC-EF82-947BDB1F1E6D</referedAttribute>
<useDomainConstraints>false</useDomainConstraints>
<use>1</use>
<logicalDatatype>LOGDT011</logicalDatatype>
<ownDataTypeParameters>,,</ownDataTypeParameters>
</Attribute>
<Attribute name="ID_GALERY" id="ADA89CCE-C9F0-7693-0B7A-AF8E8DA8E32D">
<createdBy>inter</createdBy>
<createdTime>2023-01-02 14:20:54 UTC</createdTime>
<generatorID>FD6C5164-84D7-35FE-3B8D-874736DA43DD</generatorID>
<ownerDesignName>database_design</ownerDesignName>
<engineerTo>
<item key="76D85BF4-60D9-94A9-947A-DAD5785D9CA8" value="true"/>
</engineerTo>
<referedAttribute>4D258E70-FB25-082D-7360-4887276ABCD5</referedAttribute>
<useDomainConstraints>false</useDomainConstraints>
<use>1</use>
<logicalDatatype>LOGDT011</logicalDatatype>
<ownDataTypeParameters>,,</ownDataTypeParameters>
</Attribute>
<Attribute name="ID_USER" id="B3DC6BB7-D3D3-238B-0950-1F110C86229B">
<createdBy>inter</createdBy>
<createdTime>2023-01-02 14:21:17 UTC</createdTime>
<generatorID>39FC7375-45B8-4886-3CDB-0BA627CA27FD</generatorID>
<ownerDesignName>database_design</ownerDesignName>
<engineerTo>
<item key="76D85BF4-60D9-94A9-947A-DAD5785D9CA8" value="true"/>
</engineerTo>
<referedAttribute>17DEC6A7-4031-6DE0-B6A9-307A738C011B</referedAttribute>
<useDomainConstraints>false</useDomainConstraints>
<use>1</use>
<logicalDatatype>LOGDT011</logicalDatatype>
<ownDataTypeParameters>,,</ownDataTypeParameters>
</Attribute>
</attributes>
<identifiers itemClass="oracle.dbtools.crest.model.design.logical.CandidateKey">
<identifier id="71CD2799-5169-7FA5-5271-1E064A87BD46" name="product PK">
<createdBy>inter</createdBy>
<createdTime>2023-01-02 14:10:18 UTC</createdTime>
<ownerDesignName>database_design</ownerDesignName>
<engineerTo>
<item key="76D85BF4-60D9-94A9-947A-DAD5785D9CA8" value="true"/>
</engineerTo>
<pk>true</pk>
<usedAttributes>
<attributeRef>5235C815-5839-C029-7067-6A66F47B3286</attributeRef>
<attributeRef>B3DC6BB7-D3D3-238B-0950-1F110C86229B</attributeRef>
</usedAttributes>
</identifier>
</identifiers>
</Entity>