<?xml version = '1.0' encoding = 'UTF-8'?>
<Entity class="oracle.dbtools.crest.model.design.logical.Entity" directorySegmentName="seg_0" id="7CC0AB9C-74D7-D94B-7D23-C27862E2CDFA" name="delivery">
<createdBy>inter</createdBy>
<createdTime>2023-01-02 13:56:44 UTC</createdTime>
<ownerDesignName>database_design</ownerDesignName>
<engineerTo>
<item key="76D85BF4-60D9-94A9-947A-DAD5785D9CA8" value="true"/>
</engineerTo>
<adequatelyNormalized>NO</adequatelyNormalized>
<expectedVolumes>0</expectedVolumes>
<fwdEngineeringStrategyName>Single Table</fwdEngineeringStrategyName>
<growthPercent>0</growthPercent>
<growthType>Year</growthType>
<maxVolumes>9999999</maxVolumes>
<minVolumes>0</minVolumes>
<normalForm>Third</normalForm>
<attributes itemClass="oracle.dbtools.crest.model.design.logical.Attribute">
<Attribute name="company_name" id="05A2A549-0866-A6AC-3BE5-12C016ACF541">
<createdBy>inter</createdBy>
<createdTime>2023-01-02 13:56:52 UTC</createdTime>
<commentInRDBMS><![CDATA[	]]></commentInRDBMS>
<ownerDesignName>database_design</ownerDesignName>
<engineerTo>
<item key="76D85BF4-60D9-94A9-947A-DAD5785D9CA8" value="true"/>
</engineerTo>
<useDomainConstraints>false</useDomainConstraints>
<use>1</use>
<logicalDatatype>LOGDT024</logicalDatatype>
<dataTypeSize>255 CHAR</dataTypeSize>
<ownDataTypeParameters>255 CHAR,,</ownDataTypeParameters>
</Attribute>
<Attribute name="type" id="00921A74-3531-4143-91C7-44E253D274DB">
<createdBy>inter</createdBy>
<createdTime>2023-01-02 13:57:13 UTC</createdTime>
<ownerDesignName>database_design</ownerDesignName>
<engineerTo>
<item key="76D85BF4-60D9-94A9-947A-DAD5785D9CA8" value="true"/>
</engineerTo>
<useDomainConstraints>false</useDomainConstraints>
<use>1</use>
<logicalDatatype>LOGDT024</logicalDatatype>
<dataTypeSize>255 CHAR</dataTypeSize>
<ownDataTypeParameters>255 CHAR,,</ownDataTypeParameters>
</Attribute>
<Attribute name="price" id="4F5228D3-61B1-0F4E-D1D9-A2193B007A96">
<createdBy>inter</createdBy>
<createdTime>2023-01-02 13:57:31 UTC</createdTime>
<ownerDesignName>database_design</ownerDesignName>
<engineerTo>
<item key="76D85BF4-60D9-94A9-947A-DAD5785D9CA8" value="true"/>
</engineerTo>
<useDomainConstraints>false</useDomainConstraints>
<use>1</use>
<logicalDatatype>LOGDT021</logicalDatatype>
<dataTypePrecision>10</dataTypePrecision>
<dataTypeScale>2</dataTypeScale>
<ownDataTypeParameters>,10,2</ownDataTypeParameters>
</Attribute>
<Attribute name="ID_DELIVERY" id="DA243D1A-416B-1EDC-63E9-6E1336387491">
<createdBy>inter</createdBy>
<createdTime>2023-01-02 13:57:47 UTC</createdTime>
<ownerDesignName>database_design</ownerDesignName>
<engineerTo>
<item key="76D85BF4-60D9-94A9-947A-DAD5785D9CA8" value="true"/>
</engineerTo>
<useDomainConstraints>false</useDomainConstraints>
<use>1</use>
<logicalDatatype>LOGDT011</logicalDatatype>
<ownDataTypeParameters>,,</ownDataTypeParameters>
</Attribute>
</attributes>
<identifiers itemClass="oracle.dbtools.crest.model.design.logical.CandidateKey">
<identifier id="23FD25C1-999B-A691-BE7B-F73F1468B939" name="delivert PK">
<createdBy>inter</createdBy>
<createdTime>2023-01-02 13:58:58 UTC</createdTime>
<ownerDesignName>database_design</ownerDesignName>
<engineerTo>
<item key="76D85BF4-60D9-94A9-947A-DAD5785D9CA8" value="true"/>
</engineerTo>
<pk>true</pk>
<usedAttributes>
<attributeRef>DA243D1A-416B-1EDC-63E9-6E1336387491</attributeRef>
</usedAttributes>
</identifier>
</identifiers>
</Entity>