<?xml version = '1.0' encoding = 'UTF-8'?>
<Entity class="oracle.dbtools.crest.model.design.logical.Entity" directorySegmentName="seg_0" id="DAE0E4F8-8B13-B216-D84D-9A8637CED151" name="producer">
<createdBy>inter</createdBy>
<createdTime>2023-01-02 14:11:28 UTC</createdTime>
<ownerDesignName>database_design</ownerDesignName>
<engineerTo>
<item key="76D85BF4-60D9-94A9-947A-DAD5785D9CA8" value="true"/>
</engineerTo>
<adequatelyNormalized>NO</adequatelyNormalized>
<expectedVolumes>0</expectedVolumes>
<fwdEngineeringStrategyName>Single Table</fwdEngineeringStrategyName>
<growthPercent>0</growthPercent>
<growthType>Year</growthType>
<maxVolumes>9999999</maxVolumes>
<minVolumes>0</minVolumes>
<normalForm>Third</normalForm>
<attributes itemClass="oracle.dbtools.crest.model.design.logical.Attribute">
<Attribute name="name" id="1C27379E-49E7-A286-E8A8-61369D7EE6A1">
<createdBy>inter</createdBy>
<createdTime>2023-01-02 14:11:35 UTC</createdTime>
<ownerDesignName>database_design</ownerDesignName>
<engineerTo>
<item key="76D85BF4-60D9-94A9-947A-DAD5785D9CA8" value="true"/>
</engineerTo>
<useDomainConstraints>false</useDomainConstraints>
<use>1</use>
<logicalDatatype>LOGDT024</logicalDatatype>
<dataTypeSize>255 CHAR</dataTypeSize>
<ownDataTypeParameters>255 CHAR,,</ownDataTypeParameters>
</Attribute>
<Attribute name="description" id="8DBAC0BF-D67A-DA18-4794-0BB7F37118D0">
<createdBy>inter</createdBy>
<createdTime>2023-01-02 14:11:42 UTC</createdTime>
<ownerDesignName>database_design</ownerDesignName>
<engineerTo>
<item key="76D85BF4-60D9-94A9-947A-DAD5785D9CA8" value="true"/>
</engineerTo>
<nullsAllowed>true</nullsAllowed>
<useDomainConstraints>false</useDomainConstraints>
<use>1</use>
<logicalDatatype>LOGDT024</logicalDatatype>
<dataTypeSize>255 CHAR</dataTypeSize>
<ownDataTypeParameters>255 CHAR,,</ownDataTypeParameters>
</Attribute>
<Attribute name="ID_PRODUCER" id="70F730F3-C633-D8ED-DB54-868BA85851B3">
<createdBy>inter</createdBy>
<createdTime>2023-01-02 14:11:53 UTC</createdTime>
<ownerDesignName>database_design</ownerDesignName>
<engineerTo>
<item key="76D85BF4-60D9-94A9-947A-DAD5785D9CA8" value="true"/>
</engineerTo>
<useDomainConstraints>false</useDomainConstraints>
<use>1</use>
<logicalDatatype>LOGDT011</logicalDatatype>
<ownDataTypeParameters>,,</ownDataTypeParameters>
</Attribute>
<Attribute name="ID_ADDRESS" id="B8B2ABCC-D264-075E-00CE-1DD2F669F500">
<createdBy>inter</createdBy>
<createdTime>2023-01-02 14:19:14 UTC</createdTime>
<generatorID>4AF2A494-A33F-9B2B-85AC-9B330A494E6B</generatorID>
<ownerDesignName>database_design</ownerDesignName>
<engineerTo>
<item key="76D85BF4-60D9-94A9-947A-DAD5785D9CA8" value="true"/>
</engineerTo>
<referedAttribute>A10B2688-5175-408C-D576-82534E92BA98</referedAttribute>
<useDomainConstraints>false</useDomainConstraints>
<use>1</use>
<logicalDatatype>LOGDT011</logicalDatatype>
<ownDataTypeParameters>,,</ownDataTypeParameters>
</Attribute>
</attributes>
<identifiers itemClass="oracle.dbtools.crest.model.design.logical.CandidateKey">
<identifier id="3D3CE0B8-DA03-E311-7E33-BEC73D4B0AF8" name="producer PK">
<createdBy>inter</createdBy>
<createdTime>2023-01-02 14:12:00 UTC</createdTime>
<ownerDesignName>database_design</ownerDesignName>
<engineerTo>
<item key="76D85BF4-60D9-94A9-947A-DAD5785D9CA8" value="true"/>
</engineerTo>
<pk>true</pk>
<usedAttributes>
<attributeRef>70F730F3-C633-D8ED-DB54-868BA85851B3</attributeRef>
</usedAttributes>
</identifier>
</identifiers>
</Entity>