{"materialInfo":{"version":1,"textures":[],"materials":[{"name":"Beige","shader":"phong","parameters":[{"name":"blendType","type":"enum","data":3},{"name":"cull","type":"enum","data":1},{"name":"useLighting","type":"boolean","data":true},{"name":"twoSidedLighting","type":"boolean","data":false},{"name":"useMetalness","type":"boolean","data":false},{"name":"useMetalnessSpecularColor","type":"boolean","data":false},{"name":"depthWrite","type":"boolean","data":true},{"name":"emissiveTint","type":"boolean","data":false},{"name":"glossInvert","type":"boolean","data":false},{"name":"clearCoatGlossInvert","type":"boolean","data":false},{"name":"sheenGlossInvert","type":"boolean","data":false},{"name":"useDynamicRefraction","type":"boolean","data":false},{"name":"useSheen","type":"boolean","data":false},{"name":"diffuseTint","type":"boolean","data":false},{"name":"specularTint","type":"boolean","data":false},{"name":"sheenTint","type":"boolean","data":false},{"name":"useIridescence","type":"boolean","data":false},{"name":"metalness","type":"float","data":1},{"name":"shininess","type":"float","data":42.2169},{"name":"opacity","type":"float","data":1},{"name":"bumpMapFactor","type":"float","data":1},{"name":"reflectivity","type":"float","data":0},{"name":"alphaTest","type":"float","data":0},{"name":"clearCoat","type":"float","data":0},{"name":"clearCoatGloss","type":"float","data":1},{"name":"clearCoatBumpiness","type":"float","data":1},{"name":"specularityFactor","type":"float","data":1},{"name":"refractionIndex","type":"float","data":0.666667},{"name":"refraction","type":"float","data":0},{"name":"sheenGloss","type":"float","data":0},{"name":"thickness","type":"float","data":0},{"name":"attenuationDistance","type":"float","data":0},{"name":"emissiveIntensity","type":"float","data":1},{"name":"iridescence","type":"float","data":0},{"name":"iridescenceRefractionIndex","type":"float","data":0.666667},{"name":"iridescenceThicknessMin","type":"float","data":0},{"name":"iridescenceThicknessMax","type":"float","data":0},{"name":"ambient","type":"vec3","data":[0,0,0]},{"name":"diffuse","type":"vec3","data":[0.702916,0.425324,0.206894]},{"name":"emissive","type":"vec3","data":[0,0,0]},{"name":"specular","type":"vec3","data":[0.175729,0.106331,0.0517234]},{"name":"sheen","type":"vec3","data":[1,1,1]},{"name":"attenuation","type":"vec3","data":[1,1,1]}]},{"name":"BrownDark","shader":"phong","parameters":[{"name":"blendType","type":"enum","data":3},{"name":"cull","type":"enum","data":1},{"name":"useLighting","type":"boolean","data":true},{"name":"twoSidedLighting","type":"boolean","data":false},{"name":"useMetalness","type":"boolean","data":false},{"name":"useMetalnessSpecularColor","type":"boolean","data":false},{"name":"depthWrite","type":"boolean","data":true},{"name":"emissiveTint","type":"boolean","data":false},{"name":"glossInvert","type":"boolean","data":false},{"name":"clearCoatGlossInvert","type":"boolean","data":false},{"name":"sheenGlossInvert","type":"boolean","data":false},{"name":"useDynamicRefraction","type":"boolean","data":false},{"name":"useSheen","type":"boolean","data":false},{"name":"diffuseTint","type":"boolean","data":false},{"name":"specularTint","type":"boolean","data":false},{"name":"sheenTint","type":"boolean","data":false},{"name":"useIridescence","type":"boolean","data":false},{"name":"metalness","type":"float","data":1},{"name":"shininess","type":"float","data":46.9993},{"name":"opacity","type":"float","data":1},{"name":"bumpMapFactor","type":"float","data":1},{"name":"reflectivity","type":"float","data":0},{"name":"alphaTest","type":"float","data":0},{"name":"clearCoat","type":"float","data":0},{"name":"clearCoatGloss","type":"float","data":1},{"name":"clearCoatBumpiness","type":"float","data":1},{"name":"specularityFactor","type":"float","data":1},{"name":"refractionIndex","type":"float","data":0.666667},{"name":"refraction","type":"float","data":0},{"name":"sheenGloss","type":"float","data":0},{"name":"thickness","type":"float","data":0},{"name":"attenuationDistance","type":"float","data":0},{"name":"emissiveIntensity","type":"float","data":1},{"name":"iridescence","type":"float","data":0},{"name":"iridescenceRefractionIndex","type":"float","data":0.666667},{"name":"iridescenceThicknessMin","type":"float","data":0},{"name":"iridescenceThicknessMax","type":"float","data":0},{"name":"ambient","type":"vec3","data":[0,0,0]},{"name":"diffuse","type":"vec3","data":[0.326946,0.101526,0.0592709]},{"name":"emissive","type":"vec3","data":[0,0,0]},{"name":"specular","type":"vec3","data":[0.0817364,0.0253816,0.0148177]},{"name":"sheen","type":"vec3","data":[1,1,1]},{"name":"attenuation","type":"vec3","data":[1,1,1]}]}],"mappings":[{"material":0},{"material":1}]}}