<?xml version = '1.0' encoding = 'UTF-8'?>
<TableProxyOraclev11g class="oracle.dbtools.crest.model.design.storage.oracle.v11g.TableProxyOraclev11g" name="producer" directorySegmentName="seg_0" id="2F325C7F-3C29-992A-6313-1B14646883AA">
<createdBy>inter</createdBy>
<createdTime>2023-01-24 09:30:36 UTC</createdTime>
<ownerDesignName>database_design</ownerDesignName>
<logging>YES</logging>
<partitionedRowMovement>DISABLE</partitionedRowMovement>
<temporaryChanged>false</temporaryChanged>
<accessDriverType>oracle_loader</accessDriverType>
<rejectLimit></rejectLimit>
<columnProxies itemClass="oracle.dbtools.crest.model.design.storage.oracle.v12c.ColumnProxyOraclev12c">
<ColumnProxy name="address_ID_ADDRESS" id="076CB3D1-D8C0-755C-8897-CBD417FD9F49">
<createdBy>inter</createdBy>
<createdTime>2023-01-24 09:30:36 UTC</createdTime>
<ownerDesignName>database_design</ownerDesignName>
</ColumnProxy>
<ColumnProxy name="ID_PRODUCER" id="5C4DF66B-5000-3B6E-84CD-1E91FE5326B8">
<createdBy>inter</createdBy>
<createdTime>2023-01-24 09:30:36 UTC</createdTime>
<ownerDesignName>database_design</ownerDesignName>
</ColumnProxy>
<ColumnProxy name="name" id="9634809B-6592-74AF-20BD-91A328278677">
<createdBy>inter</createdBy>
<createdTime>2023-01-24 09:30:36 UTC</createdTime>
<ownerDesignName>database_design</ownerDesignName>
</ColumnProxy>
<ColumnProxy name="description" id="97305CB8-FDE9-7959-1103-50DA6F8FCB2A">
<createdBy>inter</createdBy>
<createdTime>2023-01-24 09:30:36 UTC</createdTime>
<ownerDesignName>database_design</ownerDesignName>
</ColumnProxy>
</columnProxies>
<indexProxies>
<IndexProxy class="oracle.dbtools.crest.model.design.storage.oracle.v10g.IndexProxyOraclev10g" name="producer__IDX" id="E509D2B8-D365-250B-2AD2-022296C40A29">
<createdBy>inter</createdBy>
<createdTime>2023-01-24 09:30:36 UTC</createdTime>
<ownerDesignName>database_design</ownerDesignName>
</IndexProxy>
</indexProxies>
<foreignKeys>
<ForeignKey class="oracle.dbtools.crest.model.design.storage.oracle.v10g.FKProxyOraclev10g" name="producer_address_FK" id="65FF3EE5-2718-52C4-7C06-C7D10E24E878">
<createdBy>inter</createdBy>
<createdTime>2023-01-24 09:30:36 UTC</createdTime>
<ownerDesignName>database_design</ownerDesignName>
</ForeignKey>
</foreignKeys>
<primaryKeys>
<PrimaryKey class="oracle.dbtools.crest.model.design.storage.oracle.v10g.PKProxyOraclev10g" name="producer_PK" id="0A5F3AC7-0E86-EC0D-7208-8D0DC90BA49C">
<createdBy>inter</createdBy>
<createdTime>2023-01-24 09:30:36 UTC</createdTime>
<ownerDesignName>database_design</ownerDesignName>
<indexSort>SORTED</indexSort>
</PrimaryKey>
</primaryKeys>
</TableProxyOraclev11g>
