<?xml version = '1.0' encoding = 'UTF-8'?>
<TableProxyOraclev11g class="oracle.dbtools.crest.model.design.storage.oracle.v11g.TableProxyOraclev11g" name="product" directorySegmentName="seg_0" id="970EB69A-E698-81E8-0943-53195AD5CE5C">
<createdBy>inter</createdBy>
<createdTime>2023-01-24 09:30:36 UTC</createdTime>
<ownerDesignName>database_design</ownerDesignName>
<logging>YES</logging>
<partitionedRowMovement>DISABLE</partitionedRowMovement>
<temporaryChanged>false</temporaryChanged>
<accessDriverType>oracle_loader</accessDriverType>
<rejectLimit></rejectLimit>
<columnProxies itemClass="oracle.dbtools.crest.model.design.storage.oracle.v12c.ColumnProxyOraclev12c">
<ColumnProxy name="ID_PRODUCT" id="0B60F3C1-F7D6-820E-C79C-22267F62FDEA">
<createdBy>inter</createdBy>
<createdTime>2023-01-24 09:30:36 UTC</createdTime>
<ownerDesignName>database_design</ownerDesignName>
</ColumnProxy>
<ColumnProxy name="colors_ID_COLOR" id="1C7892D8-E33C-38F1-835F-B7937EBE36D9">
<createdBy>inter</createdBy>
<createdTime>2023-01-24 09:30:36 UTC</createdTime>
<ownerDesignName>database_design</ownerDesignName>
</ColumnProxy>
<ColumnProxy name="description" id="65A379AB-B413-14F9-AC8F-3B025E28B0AB">
<createdBy>inter</createdBy>
<createdTime>2023-01-24 09:30:36 UTC</createdTime>
<ownerDesignName>database_design</ownerDesignName>
</ColumnProxy>
<ColumnProxy name="price" id="80C6809C-49F9-F1E1-868C-BDBACAC152B8">
<createdBy>inter</createdBy>
<createdTime>2023-01-24 09:30:36 UTC</createdTime>
<ownerDesignName>database_design</ownerDesignName>
</ColumnProxy>
<ColumnProxy name="category_ID_CATEGORY" id="87F3EF28-D98C-1A99-E9E3-15F462D052C9">
<createdBy>inter</createdBy>
<createdTime>2023-01-24 09:30:36 UTC</createdTime>
<ownerDesignName>database_design</ownerDesignName>
</ColumnProxy>
<ColumnProxy name="status" id="BDD15F9C-0C13-265D-A8BD-CBC621DB3092">
<createdBy>inter</createdBy>
<createdTime>2023-01-24 09:30:36 UTC</createdTime>
<ownerDesignName>database_design</ownerDesignName>
</ColumnProxy>
<ColumnProxy name="producer_ID_PRODUCER" id="C970A4AD-14AF-9C1C-5CD0-0824458323D2">
<createdBy>inter</createdBy>
<createdTime>2023-01-24 09:30:36 UTC</createdTime>
<ownerDesignName>database_design</ownerDesignName>
</ColumnProxy>
<ColumnProxy name="user_ID_USER" id="D762A781-C8B7-B1BD-79EC-00C03D1573E1">
<createdBy>inter</createdBy>
<createdTime>2023-01-24 09:30:36 UTC</createdTime>
<ownerDesignName>database_design</ownerDesignName>
</ColumnProxy>
<ColumnProxy name="name" id="EDAF844E-8441-0C41-B9B1-DD18841EAAA7">
<createdBy>inter</createdBy>
<createdTime>2023-01-24 09:30:36 UTC</createdTime>
<ownerDesignName>database_design</ownerDesignName>
</ColumnProxy>
<ColumnProxy name="galery_ID_GALERY" id="FB0C0CCF-3969-A261-B38B-F3FE92033B7D">
<createdBy>inter</createdBy>
<createdTime>2023-01-24 09:30:36 UTC</createdTime>
<ownerDesignName>database_design</ownerDesignName>
</ColumnProxy>
</columnProxies>
<indexProxies>
<IndexProxy class="oracle.dbtools.crest.model.design.storage.oracle.v10g.IndexProxyOraclev10g" name="product__IDX" id="16F205D7-1BB6-6BF1-BDD6-17506DDA72D7">
<createdBy>inter</createdBy>
<createdTime>2023-01-24 09:30:36 UTC</createdTime>
<ownerDesignName>database_design</ownerDesignName>
</IndexProxy>
<IndexProxy class="oracle.dbtools.crest.model.design.storage.oracle.v10g.IndexProxyOraclev10g" name="product__IDXv1" id="64B0E065-6A24-6285-6972-AD0650B7D7B9">
<createdBy>inter</createdBy>
<createdTime>2023-01-24 09:30:36 UTC</createdTime>
<ownerDesignName>database_design</ownerDesignName>
</IndexProxy>
<IndexProxy class="oracle.dbtools.crest.model.design.storage.oracle.v10g.IndexProxyOraclev10g" name="product__IDXv2" id="A78570DE-B5B0-BD34-E06B-EC465D73F067">
<createdBy>inter</createdBy>
<createdTime>2023-01-24 09:30:36 UTC</createdTime>
<ownerDesignName>database_design</ownerDesignName>
</IndexProxy>
</indexProxies>
<foreignKeys>
<ForeignKey class="oracle.dbtools.crest.model.design.storage.oracle.v10g.FKProxyOraclev10g" name="product_galery_FK" id="0349F6EE-F838-A770-3F6E-38EB09BBC660">
<createdBy>inter</createdBy>
<createdTime>2023-01-24 09:30:36 UTC</createdTime>
<ownerDesignName>database_design</ownerDesignName>
</ForeignKey>
<ForeignKey class="oracle.dbtools.crest.model.design.storage.oracle.v10g.FKProxyOraclev10g" name="product_user_FK" id="520A3A1B-47FE-3CDD-A5C8-7397E5EBBE1C">
<createdBy>inter</createdBy>
<createdTime>2023-01-24 09:30:36 UTC</createdTime>
<ownerDesignName>database_design</ownerDesignName>
</ForeignKey>
<ForeignKey class="oracle.dbtools.crest.model.design.storage.oracle.v10g.FKProxyOraclev10g" name="product_category_FK" id="82DC347C-EC04-BC5D-4B7A-14CCDB116E1D">
<createdBy>inter</createdBy>
<createdTime>2023-01-24 09:30:36 UTC</createdTime>
<ownerDesignName>database_design</ownerDesignName>
</ForeignKey>
<ForeignKey class="oracle.dbtools.crest.model.design.storage.oracle.v10g.FKProxyOraclev10g" name="product_producer_FK" id="CBBD7436-BF67-6EE1-A36C-F130D45DCFE5">
<createdBy>inter</createdBy>
<createdTime>2023-01-24 09:30:36 UTC</createdTime>
<ownerDesignName>database_design</ownerDesignName>
</ForeignKey>
<ForeignKey class="oracle.dbtools.crest.model.design.storage.oracle.v10g.FKProxyOraclev10g" name="product_colors_FK" id="EAC4E0F5-4153-261E-8E5D-36184AB07A01">
<createdBy>inter</createdBy>
<createdTime>2023-01-24 09:30:36 UTC</createdTime>
<ownerDesignName>database_design</ownerDesignName>
</ForeignKey>
</foreignKeys>
<primaryKeys>
<PrimaryKey class="oracle.dbtools.crest.model.design.storage.oracle.v10g.PKProxyOraclev10g" name="product_PK" id="E6A3537C-13F2-F4F7-F750-30A7E948FD9F">
<createdBy>inter</createdBy>
<createdTime>2023-01-24 09:30:36 UTC</createdTime>
<ownerDesignName>database_design</ownerDesignName>
<indexSort>SORTED</indexSort>
</PrimaryKey>
</primaryKeys>
</TableProxyOraclev11g>
