{
	"scene": {
		"version": 1,
		"assets": {
			"renders": [
				{
					"name": "PrototypePete_body",
					"index": 0,
					"meshes": 1,
					"skinned": true,
					"vertices": 3671,
					"triangles": 4879,
					"attributes": {
						"POSITION": 1,
						"NORMAL": 1,
						"BONEINDICES": 1,
						"BONEWEIGHTS": 1,
						"TEXCOORD_0": 1
					},
					"meshCompression": ""
				}
			],
			"materials": [
				"PrototypePete"
			]
		},
		"entities": {
			"0": {
				"name": "RootNode",
				"parent": -1,
				"position": [
					0,
					0,
					0
				],
				"rotation": [
					0,
					0,
					0
				],
				"scale": [
					1,
					1,
					1
				],
				"scaleCompensation": false,
				"children": [
					1,
					8
				]
			},
			"1": {
				"name": "KayKit Animated Character",
				"parent": 0,
				"position": [
					0,
					0,
					0
				],
				"rotation": [
					-3.16465e-05,
					-3.4151e-05,
					-7.6982e-06
				],
				"scale": [
					1,
					1,
					1
				],
				"scaleCompensation": false,
				"children": [
					2
				]
			},
			"2": {
				"name": "Body",
				"parent": 1,
				"position": [
					0,
					0,
					0
				],
				"rotation": [
					-9.33467e-06,
					0,
					0
				],
				"scale": [
					1,
					1,
					1
				],
				"scaleCompensation": false,
				"children": [
					3,
					4,
					6
				]
			},
			"3": {
				"name": "Head",
				"parent": 2,
				"position": [
					0,
					0.711598,
					0
				],
				"rotation": [
					8.14222e-13,
					-0,
					0
				],
				"scale": [
					1,
					1,
					1
				],
				"scaleCompensation": false,
				"children": [

				]
			},
			"4": {
				"name": "armLeft",
				"parent": 2,
				"position": [
					0.14,
					0.691598,
					0
				],
				"rotation": [
					151.84,
					90,
					0
				],
				"scale": [
					1,
					1,
					1
				],
				"scaleCompensation": false,
				"children": [
					5
				]
			},
			"5": {
				"name": "handSlotLeft",
				"parent": 4,
				"position": [
					-1.24345e-14,
					0.550922,
					-7.45059e-09
				],
				"rotation": [
					-4.34411e-06,
					-118.16,
					90
				],
				"scale": [
					1,
					1,
					1
				],
				"scaleCompensation": false,
				"children": [

				]
			},
			"6": {
				"name": "armRight",
				"parent": 2,
				"position": [
					-0.14,
					0.691598,
					0
				],
				"rotation": [
					-151.84,
					89.9999,
					0
				],
				"scale": [
					1,
					1,
					1
				],
				"scaleCompensation": false,
				"children": [
					7
				]
			},
			"7": {
				"name": "handSlotRight",
				"parent": 6,
				"position": [
					-3.55271e-15,
					0.550922,
					1.49012e-08
				],
				"rotation": [
					-3.33799e-05,
					-61.84,
					90
				],
				"scale": [
					1,
					1,
					1
				],
				"scaleCompensation": false,
				"children": [

				]
			},
			"8": {
				"name": "PrototypePete",
				"parent": 0,
				"position": [
					0,
					0,
					0
				],
				"rotation": [
					-4.32571e-06,
					-6.22318e-12,
					-2.51049e-12
				],
				"scale": [
					1,
					1,
					1
				],
				"scaleCompensation": false,
				"children": [

				],
				"components": {
					"render": {
						"id": 0,
						"materials": [
							"PrototypePete"
						],
						"rootBone": 2
					}
				}
			}
		}
	}
}