{"1936420":{"branch_id":"380afcfb-2adb-4c84-ba36-40d1c05cadfb","project_id":1182720,"name":"Untitled","created":"2023-11-14T11:28:19.373Z","settings":{"physics":{"gravity":[0,-9.8,0]},"render":{"lightmapFilterRange":10,"fog_end":1000,"lightmapFilterEnabled":false,"ambientBake":false,"tonemapping":4,"lightingAreaLightsEnabled":false,"lightingShadowType":0,"ambientBakeOcclusionContrast":0,"skybox":164270490,"lightingCookieAtlasResolution":2048,"fog_density":0.01,"lightmapFilterSmoothness":0.2,"gamma_correction":1,"exposure":2,"lightingShadowsEnabled":true,"fog_start":1,"skyboxIntensity":1,"global_ambient":[0.41568627450980394,0.41568627450980394,0.41568627450980394],"ambientBakeNumSamples":1,"fog_color":[0,0,0],"lightingCells":[10,3,10],"lightmapMode":1,"lightingCookiesEnabled":false,"clusteredLightingEnabled":true,"ambientBakeSpherePart":0.4,"fog":"none","ambientBakeOcclusionBrightness":0,"lightmapMaxResolution":2048,"lightingMaxLightsPerCell":255,"lightingShadowAtlasResolution":2048,"skyboxMip":0,"lightmapSizeMultiplier":16,"skyboxRotation":[0,0,0],"skyType":"infinite","skyMeshPosition":[0,0,0],"skyMeshRotation":[0,0,0],"skyMeshScale":[1,1,1],"skyCenter":[0,1,0]}},"scene":1936420,"entities":{"e951fc60-82e0-11ee-9eae-baf4d5e490e2":{"position":[2,2,-2],"scale":[1,1,1],"name":"Light","parent":"e951e842-82e0-11ee-9eae-baf4d5e490e2","resource_id":"e951fc60-82e0-11ee-9eae-baf4d5e490e2","components":{"light":{"castShadows":true,"isStatic":false,"vsmBlurSize":11,"shadowUpdateMode":2,"normalOffsetBias":0.05,"color":[1,1,1],"bakeArea":0,"numCascades":1,"outerConeAngle":45,"bakeNumSamples":1,"affectDynamic":true,"intensity":1,"bakeDir":true,"cookieAngle":0,"affectLightmapped":false,"cookieChannel":"rgb","innerConeAngle":40,"shadowBias":0.2,"bake":false,"falloffMode":0,"cookieAsset":null,"vsmBias":0.01,"layers":[0],"cookieIntensity":1,"cascadeDistribution":0.5,"cookieOffset":[0,0],"shadowResolution":1024,"cookieScale":[1,1],"enabled":true,"shape":0,"range":8,"vsmBlurMode":1,"shadowDistance":16,"type":"directional","cookieFalloff":true,"shadowType":0}},"rotation":[25,0,-3.026167505106191e-7],"tags":[],"enabled":true,"children":[]},"e951e842-82e0-11ee-9eae-baf4d5e490e2":{"position":[0,0,0],"scale":[1,1,1],"name":"Root","parent":null,"resource_id":"e951e842-82e0-11ee-9eae-baf4d5e490e2","components":{"script":{"enabled":true,"order":["gameManager"],"scripts":{"gameManager":{"enabled":true,"attributes":{"playBtn":"c33ed986-522b-45fe-a981-a4f4dc6fbd33","score":"0f2e5b10-f563-4596-a965-ef8859bde366","title":"f0266d26-1cd3-4b5e-8b5e-73f69bb6f2f9","obstacles":[164360891,164360906,164360907,164362913],"soundManager":"229fb690-6938-4c9d-9b29-42b98afde246"}}}}},"rotation":[0,0,0],"tags":[],"enabled":true,"children":["e951effe-82e0-11ee-9eae-baf4d5e490e2","e951fc60-82e0-11ee-9eae-baf4d5e490e2","6c192705-addf-4795-b290-e5fb6cfec944","2813d33e-9883-4069-8faa-d7d10eb0f8d0","7d6ff8f7-1d83-4d5a-864f-b5ef12dc5fe8","f8725198-c553-450c-83cb-ed4a580e4630","fa2dbc2d-9d60-4637-b87a-08b359fa7ff8","d47b6101-f67e-47b2-8f39-32a2c1db17bf","229fb690-6938-4c9d-9b29-42b98afde246","3f70ad1c-4e13-40b5-ac67-c7043bb97056"]},"e951effe-82e0-11ee-9eae-baf4d5e490e2":{"position":[0,4.5,10],"scale":[1,1,1],"name":"Camera","parent":"e951e842-82e0-11ee-9eae-baf4d5e490e2","resource_id":"e951effe-82e0-11ee-9eae-baf4d5e490e2","components":{"camera":{"projection":0,"farClip":1000,"clearColorBuffer":true,"layers":[0,1,2,3,4],"priority":0,"fov":45,"clearDepthBuffer":true,"frustumCulling":true,"clearColor":[0.027450980392156862,0.7568627450980392,1,1],"enabled":true,"orthoHeight":4,"nearClip":0.1,"rect":[0,0,1,1]}},"rotation":[-3,0,0],"tags":[],"enabled":true,"children":[]},"dfa90d31-71a6-49a4-b0c8-15929a927723":{"enabled":true,"tags":[],"children":["1ba20a3f-4bb1-4e85-94b5-98f2064d6c0b"],"position":[-12,0,0],"rotation":[0,0,0],"scale":[1,1,1],"resource_id":"dfa90d31-71a6-49a4-b0c8-15929a927723","name":"ground 0","components":{"script":{"enabled":true,"order":["platformMovement"],"scripts":{"platformMovement":{"enabled":true,"attributes":{}}}}},"parent":"6c192705-addf-4795-b290-e5fb6cfec944","template_ent_ids":{"dfa90d31-71a6-49a4-b0c8-15929a927723":"e437a4ff-1b75-4056-b315-cb10e4091caa","1ba20a3f-4bb1-4e85-94b5-98f2064d6c0b":"caa2aa65-ff90-4998-85a9-7fdb2f88eda4"},"template_id":164298812},"1ba20a3f-4bb1-4e85-94b5-98f2064d6c0b":{"enabled":true,"tags":[],"children":[],"position":[0,0,0],"rotation":[0,0,0],"scale":[1,1,1],"resource_id":"1ba20a3f-4bb1-4e85-94b5-98f2064d6c0b","name":"tileHigh_desert","components":{"render":{"enabled":true,"type":"asset","asset":164298802,"materialAssets":[164298795,164298797],"layers":[0],"batchGroupId":null,"castShadows":true,"castShadowsLightmap":true,"receiveShadows":true,"lightmapped":false,"lightmapSizeMultiplier":1,"castShadowsLightMap":true,"lightMapped":false,"lightMapSizeMultiplier":1,"isStatic":false,"rootBone":null}},"parent":"dfa90d31-71a6-49a4-b0c8-15929a927723"},"6c192705-addf-4795-b290-e5fb6cfec944":{"name":"Grounds","tags":[],"enabled":true,"resource_id":"6c192705-addf-4795-b290-e5fb6cfec944","parent":"e951e842-82e0-11ee-9eae-baf4d5e490e2","children":["dfa90d31-71a6-49a4-b0c8-15929a927723","80e71612-462d-4b0e-bc5f-6544985f9a5e","2093c3e4-2afa-486e-8dbe-bfa5dd8825e3","db0e09e7-be5b-4898-a9b4-c909800735fd","ab75cf6c-b1bb-4679-923d-9f620b6f26c2","5cc344dc-2ce7-45ac-9d65-a0eb9939f0f2","432b6093-7c75-4ab7-babe-75193ff8f788","f4f29c0d-55e9-4e56-a5ef-9cbe475e7cc2","1047a286-18c2-4cfd-abf9-b4667f3f9e80","bfa23606-9ead-4d22-9d92-9ee62602914a","8db9f801-7afe-4b21-bab3-d7c7ce6c3cbb","e9145ea4-077c-454f-9a8f-6306d3b28b62","078d4e08-846d-459d-965d-da9f173166ab","1f101cbe-38a4-4cbd-a7de-5d4deb5a5735"],"position":[0,0,0],"rotation":[0,0,0],"scale":[1,1,1],"components":{}},"80e71612-462d-4b0e-bc5f-6544985f9a5e":{"name":"ground 1","tags":[],"enabled":true,"resource_id":"80e71612-462d-4b0e-bc5f-6544985f9a5e","parent":"6c192705-addf-4795-b290-e5fb6cfec944","children":["074c9398-f839-4d65-a291-c08d82a93bab"],"position":[-10,0,0],"rotation":[0,0,0],"scale":[1,1,1],"components":{"script":{"enabled":true,"order":["platformMovement"],"scripts":{"platformMovement":{"enabled":true,"attributes":{}}}}},"template_id":164298812,"template_ent_ids":{"80e71612-462d-4b0e-bc5f-6544985f9a5e":"e437a4ff-1b75-4056-b315-cb10e4091caa","074c9398-f839-4d65-a291-c08d82a93bab":"caa2aa65-ff90-4998-85a9-7fdb2f88eda4"}},"074c9398-f839-4d65-a291-c08d82a93bab":{"name":"tileHigh_desert","tags":[],"enabled":true,"resource_id":"074c9398-f839-4d65-a291-c08d82a93bab","parent":"80e71612-462d-4b0e-bc5f-6544985f9a5e","children":[],"position":[0,0,0],"rotation":[0,0,0],"scale":[1,1,1],"components":{"render":{"enabled":true,"type":"asset","asset":164298802,"materialAssets":[164298795,164298797],"layers":[0],"batchGroupId":null,"castShadows":true,"castShadowsLightmap":true,"receiveShadows":true,"lightmapped":false,"lightmapSizeMultiplier":1,"castShadowsLightMap":true,"lightMapped":false,"lightMapSizeMultiplier":1,"isStatic":false,"rootBone":null}}},"432b6093-7c75-4ab7-babe-75193ff8f788":{"name":"ground 6","tags":[],"enabled":true,"resource_id":"432b6093-7c75-4ab7-babe-75193ff8f788","parent":"6c192705-addf-4795-b290-e5fb6cfec944","children":["4a7331a3-91e3-4c2c-a9af-efe867533c08"],"position":[0,0,0],"rotation":[0,0,0],"scale":[1,1,1],"components":{"script":{"enabled":true,"order":["platformMovement"],"scripts":{"platformMovement":{"enabled":true,"attributes":{}}}}},"template_id":164298812,"template_ent_ids":{"432b6093-7c75-4ab7-babe-75193ff8f788":"e437a4ff-1b75-4056-b315-cb10e4091caa","4a7331a3-91e3-4c2c-a9af-efe867533c08":"caa2aa65-ff90-4998-85a9-7fdb2f88eda4"}},"4a7331a3-91e3-4c2c-a9af-efe867533c08":{"name":"tileHigh_desert","tags":[],"enabled":true,"resource_id":"4a7331a3-91e3-4c2c-a9af-efe867533c08","parent":"432b6093-7c75-4ab7-babe-75193ff8f788","children":[],"position":[0,0,0],"rotation":[0,0,0],"scale":[1,1,1],"components":{"render":{"enabled":true,"type":"asset","asset":164298802,"materialAssets":[164298795,164298797],"layers":[0],"batchGroupId":null,"castShadows":true,"castShadowsLightmap":true,"receiveShadows":true,"lightmapped":false,"lightmapSizeMultiplier":1,"castShadowsLightMap":true,"lightMapped":false,"lightMapSizeMultiplier":1,"isStatic":false,"rootBone":null}}},"2093c3e4-2afa-486e-8dbe-bfa5dd8825e3":{"name":"ground 2","tags":[],"enabled":true,"resource_id":"2093c3e4-2afa-486e-8dbe-bfa5dd8825e3","parent":"6c192705-addf-4795-b290-e5fb6cfec944","children":["ba7b7536-578c-4f2c-960e-ff31a62969bf"],"position":[-8,0,0],"rotation":[0,0,0],"scale":[1,1,1],"components":{"script":{"enabled":true,"order":["platformMovement"],"scripts":{"platformMovement":{"enabled":true,"attributes":{}}}}},"template_id":164298812,"template_ent_ids":{"2093c3e4-2afa-486e-8dbe-bfa5dd8825e3":"e437a4ff-1b75-4056-b315-cb10e4091caa","ba7b7536-578c-4f2c-960e-ff31a62969bf":"caa2aa65-ff90-4998-85a9-7fdb2f88eda4"}},"ba7b7536-578c-4f2c-960e-ff31a62969bf":{"name":"tileHigh_desert","tags":[],"enabled":true,"resource_id":"ba7b7536-578c-4f2c-960e-ff31a62969bf","parent":"2093c3e4-2afa-486e-8dbe-bfa5dd8825e3","children":[],"position":[0,0,0],"rotation":[0,0,0],"scale":[1,1,1],"components":{"render":{"enabled":true,"type":"asset","asset":164298802,"materialAssets":[164298795,164298797],"layers":[0],"batchGroupId":null,"castShadows":true,"castShadowsLightmap":true,"receiveShadows":true,"lightmapped":false,"lightmapSizeMultiplier":1,"castShadowsLightMap":true,"lightMapped":false,"lightMapSizeMultiplier":1,"isStatic":false,"rootBone":null}}},"db0e09e7-be5b-4898-a9b4-c909800735fd":{"name":"ground 3","tags":[],"enabled":true,"resource_id":"db0e09e7-be5b-4898-a9b4-c909800735fd","parent":"6c192705-addf-4795-b290-e5fb6cfec944","children":["cbbe5ba3-eb42-4d6d-a0eb-593578e314c2"],"position":[-6,0,0],"rotation":[0,0,0],"scale":[1,1,1],"components":{"script":{"enabled":true,"order":["platformMovement"],"scripts":{"platformMovement":{"enabled":true,"attributes":{}}}}},"template_id":164298812,"template_ent_ids":{"db0e09e7-be5b-4898-a9b4-c909800735fd":"e437a4ff-1b75-4056-b315-cb10e4091caa","cbbe5ba3-eb42-4d6d-a0eb-593578e314c2":"caa2aa65-ff90-4998-85a9-7fdb2f88eda4"}},"cbbe5ba3-eb42-4d6d-a0eb-593578e314c2":{"name":"tileHigh_desert","tags":[],"enabled":true,"resource_id":"cbbe5ba3-eb42-4d6d-a0eb-593578e314c2","parent":"db0e09e7-be5b-4898-a9b4-c909800735fd","children":[],"position":[0,0,0],"rotation":[0,0,0],"scale":[1,1,1],"components":{"render":{"enabled":true,"type":"asset","asset":164298802,"materialAssets":[164298795,164298797],"layers":[0],"batchGroupId":null,"castShadows":true,"castShadowsLightmap":true,"receiveShadows":true,"lightmapped":false,"lightmapSizeMultiplier":1,"castShadowsLightMap":true,"lightMapped":false,"lightMapSizeMultiplier":1,"isStatic":false,"rootBone":null}}},"ab75cf6c-b1bb-4679-923d-9f620b6f26c2":{"name":"ground 4","tags":[],"enabled":true,"resource_id":"ab75cf6c-b1bb-4679-923d-9f620b6f26c2","parent":"6c192705-addf-4795-b290-e5fb6cfec944","children":["fbfc4022-5564-44a7-9458-e0426f6d8176"],"position":[-4,0,0],"rotation":[0,0,0],"scale":[1,1,1],"components":{"script":{"enabled":true,"order":["platformMovement"],"scripts":{"platformMovement":{"enabled":true,"attributes":{}}}}},"template_id":164298812,"template_ent_ids":{"ab75cf6c-b1bb-4679-923d-9f620b6f26c2":"e437a4ff-1b75-4056-b315-cb10e4091caa","fbfc4022-5564-44a7-9458-e0426f6d8176":"caa2aa65-ff90-4998-85a9-7fdb2f88eda4"}},"fbfc4022-5564-44a7-9458-e0426f6d8176":{"name":"tileHigh_desert","tags":[],"enabled":true,"resource_id":"fbfc4022-5564-44a7-9458-e0426f6d8176","parent":"ab75cf6c-b1bb-4679-923d-9f620b6f26c2","children":[],"position":[0,0,0],"rotation":[0,0,0],"scale":[1,1,1],"components":{"render":{"enabled":true,"type":"asset","asset":164298802,"materialAssets":[164298795,164298797],"layers":[0],"batchGroupId":null,"castShadows":true,"castShadowsLightmap":true,"receiveShadows":true,"lightmapped":false,"lightmapSizeMultiplier":1,"castShadowsLightMap":true,"lightMapped":false,"lightMapSizeMultiplier":1,"isStatic":false,"rootBone":null}}},"5cc344dc-2ce7-45ac-9d65-a0eb9939f0f2":{"name":"ground 5","tags":[],"enabled":true,"resource_id":"5cc344dc-2ce7-45ac-9d65-a0eb9939f0f2","parent":"6c192705-addf-4795-b290-e5fb6cfec944","children":["7099faac-65db-4d48-a40c-8bc28e6ad846"],"position":[-2,0,0],"rotation":[0,0,0],"scale":[1,1,1],"components":{"script":{"enabled":true,"order":["platformMovement"],"scripts":{"platformMovement":{"enabled":true,"attributes":{}}}}},"template_id":164298812,"template_ent_ids":{"5cc344dc-2ce7-45ac-9d65-a0eb9939f0f2":"e437a4ff-1b75-4056-b315-cb10e4091caa","7099faac-65db-4d48-a40c-8bc28e6ad846":"caa2aa65-ff90-4998-85a9-7fdb2f88eda4"}},"7099faac-65db-4d48-a40c-8bc28e6ad846":{"name":"tileHigh_desert","tags":[],"enabled":true,"resource_id":"7099faac-65db-4d48-a40c-8bc28e6ad846","parent":"5cc344dc-2ce7-45ac-9d65-a0eb9939f0f2","children":[],"position":[0,0,0],"rotation":[0,0,0],"scale":[1,1,1],"components":{"render":{"enabled":true,"type":"asset","asset":164298802,"materialAssets":[164298795,164298797],"layers":[0],"batchGroupId":null,"castShadows":true,"castShadowsLightmap":true,"receiveShadows":true,"lightmapped":false,"lightmapSizeMultiplier":1,"castShadowsLightMap":true,"lightMapped":false,"lightMapSizeMultiplier":1,"isStatic":false,"rootBone":null}}},"f4f29c0d-55e9-4e56-a5ef-9cbe475e7cc2":{"name":"ground 7","tags":[],"enabled":true,"resource_id":"f4f29c0d-55e9-4e56-a5ef-9cbe475e7cc2","parent":"6c192705-addf-4795-b290-e5fb6cfec944","children":["7968fd91-8577-4442-80a0-9350b950ac56"],"position":[2,0,0],"rotation":[0,0,0],"scale":[1,1,1],"components":{"script":{"enabled":true,"order":["platformMovement"],"scripts":{"platformMovement":{"enabled":true,"attributes":{}}}}},"template_id":164298812,"template_ent_ids":{"f4f29c0d-55e9-4e56-a5ef-9cbe475e7cc2":"e437a4ff-1b75-4056-b315-cb10e4091caa","7968fd91-8577-4442-80a0-9350b950ac56":"caa2aa65-ff90-4998-85a9-7fdb2f88eda4"}},"7968fd91-8577-4442-80a0-9350b950ac56":{"name":"tileHigh_desert","tags":[],"enabled":true,"resource_id":"7968fd91-8577-4442-80a0-9350b950ac56","parent":"f4f29c0d-55e9-4e56-a5ef-9cbe475e7cc2","children":[],"position":[0,0,0],"rotation":[0,0,0],"scale":[1,1,1],"components":{"render":{"enabled":true,"type":"asset","asset":164298802,"materialAssets":[164298795,164298797],"layers":[0],"batchGroupId":null,"castShadows":true,"castShadowsLightmap":true,"receiveShadows":true,"lightmapped":false,"lightmapSizeMultiplier":1,"castShadowsLightMap":true,"lightMapped":false,"lightMapSizeMultiplier":1,"isStatic":false,"rootBone":null}}},"1047a286-18c2-4cfd-abf9-b4667f3f9e80":{"name":"ground 8","tags":[],"enabled":true,"resource_id":"1047a286-18c2-4cfd-abf9-b4667f3f9e80","parent":"6c192705-addf-4795-b290-e5fb6cfec944","children":["2d4d09c3-a53e-4f58-a19f-897b62646545"],"position":[4,0,0],"rotation":[0,0,0],"scale":[1,1,1],"components":{"script":{"enabled":true,"order":["platformMovement"],"scripts":{"platformMovement":{"enabled":true,"attributes":{}}}}},"template_id":164298812,"template_ent_ids":{"1047a286-18c2-4cfd-abf9-b4667f3f9e80":"e437a4ff-1b75-4056-b315-cb10e4091caa","2d4d09c3-a53e-4f58-a19f-897b62646545":"caa2aa65-ff90-4998-85a9-7fdb2f88eda4"}},"2d4d09c3-a53e-4f58-a19f-897b62646545":{"name":"tileHigh_desert","tags":[],"enabled":true,"resource_id":"2d4d09c3-a53e-4f58-a19f-897b62646545","parent":"1047a286-18c2-4cfd-abf9-b4667f3f9e80","children":[],"position":[0,0,0],"rotation":[0,0,0],"scale":[1,1,1],"components":{"render":{"enabled":true,"type":"asset","asset":164298802,"materialAssets":[164298795,164298797],"layers":[0],"batchGroupId":null,"castShadows":true,"castShadowsLightmap":true,"receiveShadows":true,"lightmapped":false,"lightmapSizeMultiplier":1,"castShadowsLightMap":true,"lightMapped":false,"lightMapSizeMultiplier":1,"isStatic":false,"rootBone":null}}},"bfa23606-9ead-4d22-9d92-9ee62602914a":{"name":"ground 9","tags":[],"enabled":true,"resource_id":"bfa23606-9ead-4d22-9d92-9ee62602914a","parent":"6c192705-addf-4795-b290-e5fb6cfec944","children":["e45937f2-bda9-44bf-b810-361eab6b8642"],"position":[6,0,0],"rotation":[0,0,0],"scale":[1,1,1],"components":{"script":{"enabled":true,"order":["platformMovement"],"scripts":{"platformMovement":{"enabled":true,"attributes":{}}}}},"template_id":164298812,"template_ent_ids":{"bfa23606-9ead-4d22-9d92-9ee62602914a":"e437a4ff-1b75-4056-b315-cb10e4091caa","e45937f2-bda9-44bf-b810-361eab6b8642":"caa2aa65-ff90-4998-85a9-7fdb2f88eda4"}},"e45937f2-bda9-44bf-b810-361eab6b8642":{"name":"tileHigh_desert","tags":[],"enabled":true,"resource_id":"e45937f2-bda9-44bf-b810-361eab6b8642","parent":"bfa23606-9ead-4d22-9d92-9ee62602914a","children":[],"position":[0,0,0],"rotation":[0,0,0],"scale":[1,1,1],"components":{"render":{"enabled":true,"type":"asset","asset":164298802,"materialAssets":[164298795,164298797],"layers":[0],"batchGroupId":null,"castShadows":true,"castShadowsLightmap":true,"receiveShadows":true,"lightmapped":false,"lightmapSizeMultiplier":1,"castShadowsLightMap":true,"lightMapped":false,"lightMapSizeMultiplier":1,"isStatic":false,"rootBone":null}}},"8db9f801-7afe-4b21-bab3-d7c7ce6c3cbb":{"name":"ground 10","tags":[],"enabled":true,"resource_id":"8db9f801-7afe-4b21-bab3-d7c7ce6c3cbb","parent":"6c192705-addf-4795-b290-e5fb6cfec944","children":["6c1ce740-4a99-4114-91fa-c726858af863"],"position":[8,0,0],"rotation":[0,0,0],"scale":[1,1,1],"components":{"script":{"enabled":true,"order":["platformMovement"],"scripts":{"platformMovement":{"enabled":true,"attributes":{}}}}},"template_id":164298812,"template_ent_ids":{"8db9f801-7afe-4b21-bab3-d7c7ce6c3cbb":"e437a4ff-1b75-4056-b315-cb10e4091caa","6c1ce740-4a99-4114-91fa-c726858af863":"caa2aa65-ff90-4998-85a9-7fdb2f88eda4"}},"6c1ce740-4a99-4114-91fa-c726858af863":{"name":"tileHigh_desert","tags":[],"enabled":true,"resource_id":"6c1ce740-4a99-4114-91fa-c726858af863","parent":"8db9f801-7afe-4b21-bab3-d7c7ce6c3cbb","children":[],"position":[0,0,0],"rotation":[0,0,0],"scale":[1,1,1],"components":{"render":{"enabled":true,"type":"asset","asset":164298802,"materialAssets":[164298795,164298797],"layers":[0],"batchGroupId":null,"castShadows":true,"castShadowsLightmap":true,"receiveShadows":true,"lightmapped":false,"lightmapSizeMultiplier":1,"castShadowsLightMap":true,"lightMapped":false,"lightMapSizeMultiplier":1,"isStatic":false,"rootBone":null}}},"e9145ea4-077c-454f-9a8f-6306d3b28b62":{"name":"ground 11","tags":[],"enabled":true,"resource_id":"e9145ea4-077c-454f-9a8f-6306d3b28b62","parent":"6c192705-addf-4795-b290-e5fb6cfec944","children":["95d37ed9-df10-4679-b701-dd9ac588ccac"],"position":[10,0,0],"rotation":[0,0,0],"scale":[1,1,1],"components":{"script":{"enabled":true,"order":["platformMovement"],"scripts":{"platformMovement":{"enabled":true,"attributes":{}}}}},"template_id":164298812,"template_ent_ids":{"e9145ea4-077c-454f-9a8f-6306d3b28b62":"e437a4ff-1b75-4056-b315-cb10e4091caa","95d37ed9-df10-4679-b701-dd9ac588ccac":"caa2aa65-ff90-4998-85a9-7fdb2f88eda4"}},"95d37ed9-df10-4679-b701-dd9ac588ccac":{"name":"tileHigh_desert","tags":[],"enabled":true,"resource_id":"95d37ed9-df10-4679-b701-dd9ac588ccac","parent":"e9145ea4-077c-454f-9a8f-6306d3b28b62","children":[],"position":[0,0,0],"rotation":[0,0,0],"scale":[1,1,1],"components":{"render":{"enabled":true,"type":"asset","asset":164298802,"materialAssets":[164298795,164298797],"layers":[0],"batchGroupId":null,"castShadows":true,"castShadowsLightmap":true,"receiveShadows":true,"lightmapped":false,"lightmapSizeMultiplier":1,"castShadowsLightMap":true,"lightMapped":false,"lightMapSizeMultiplier":1,"isStatic":false,"rootBone":null}}},"078d4e08-846d-459d-965d-da9f173166ab":{"name":"ground 12","tags":[],"enabled":true,"resource_id":"078d4e08-846d-459d-965d-da9f173166ab","parent":"6c192705-addf-4795-b290-e5fb6cfec944","children":["69446f76-214b-4ea7-b72d-7d23880b02ed"],"position":[12,0,0],"rotation":[0,0,0],"scale":[1,1,1],"components":{"script":{"enabled":true,"order":["platformMovement"],"scripts":{"platformMovement":{"enabled":true,"attributes":{}}}}},"template_id":164298812,"template_ent_ids":{"078d4e08-846d-459d-965d-da9f173166ab":"e437a4ff-1b75-4056-b315-cb10e4091caa","69446f76-214b-4ea7-b72d-7d23880b02ed":"caa2aa65-ff90-4998-85a9-7fdb2f88eda4"}},"69446f76-214b-4ea7-b72d-7d23880b02ed":{"name":"tileHigh_desert","tags":[],"enabled":true,"resource_id":"69446f76-214b-4ea7-b72d-7d23880b02ed","parent":"078d4e08-846d-459d-965d-da9f173166ab","children":[],"position":[0,0,0],"rotation":[0,0,0],"scale":[1,1,1],"components":{"render":{"enabled":true,"type":"asset","asset":164298802,"materialAssets":[164298795,164298797],"layers":[0],"batchGroupId":null,"castShadows":true,"castShadowsLightmap":true,"receiveShadows":true,"lightmapped":false,"lightmapSizeMultiplier":1,"castShadowsLightMap":true,"lightMapped":false,"lightMapSizeMultiplier":1,"isStatic":false,"rootBone":null}}},"1f101cbe-38a4-4cbd-a7de-5d4deb5a5735":{"name":"ground 13","tags":[],"enabled":true,"resource_id":"1f101cbe-38a4-4cbd-a7de-5d4deb5a5735","parent":"6c192705-addf-4795-b290-e5fb6cfec944","children":["903711f8-e7e0-43f2-9605-7a0180220220"],"position":[14,0,0],"rotation":[0,0,0],"scale":[1,1,1],"components":{"script":{"enabled":true,"order":["platformMovement"],"scripts":{"platformMovement":{"enabled":true,"attributes":{}}}}},"template_id":164298812,"template_ent_ids":{"1f101cbe-38a4-4cbd-a7de-5d4deb5a5735":"e437a4ff-1b75-4056-b315-cb10e4091caa","903711f8-e7e0-43f2-9605-7a0180220220":"caa2aa65-ff90-4998-85a9-7fdb2f88eda4"}},"903711f8-e7e0-43f2-9605-7a0180220220":{"name":"tileHigh_desert","tags":[],"enabled":true,"resource_id":"903711f8-e7e0-43f2-9605-7a0180220220","parent":"1f101cbe-38a4-4cbd-a7de-5d4deb5a5735","children":[],"position":[0,0,0],"rotation":[0,0,0],"scale":[1,1,1],"components":{"render":{"enabled":true,"type":"asset","asset":164298802,"materialAssets":[164298795,164298797],"layers":[0],"batchGroupId":null,"castShadows":true,"castShadowsLightmap":true,"receiveShadows":true,"lightmapped":false,"lightmapSizeMultiplier":1,"castShadowsLightMap":true,"lightMapped":false,"lightMapSizeMultiplier":1,"isStatic":false,"rootBone":null}}},"2451586f-0c91-4736-bd10-3e0f05c5deab":{"enabled":true,"tags":[],"children":["be0d4abc-ebea-47fd-93f5-4c4f3b9943fd","12821924-9beb-48d9-a1a2-9d7aedbe662e"],"position":[0,-1,0],"rotation":[0,0,0],"scale":[1,1,1],"resource_id":"2451586f-0c91-4736-bd10-3e0f05c5deab","name":"Idle","components":{},"parent":"2813d33e-9883-4069-8faa-d7d10eb0f8d0","template_ent_ids":{"2451586f-0c91-4736-bd10-3e0f05c5deab":"7ae2e3dd-92f3-4fd4-8126-5e2c36256b77","be0d4abc-ebea-47fd-93f5-4c4f3b9943fd":"d4fc3f21-579a-4bc2-852d-846046263224","93f6265d-2b2b-4606-a5c5-4940cad22983":"09bbbe75-91b8-4e67-9486-ea1327ef2122","3bb912de-f27f-4b10-8894-77a179cac33f":"e859a8de-8f04-44f0-ba7a-0ce3db853a52","59f8b0af-0c96-462b-ba23-d39bb477b54b":"095d2d94-c3f0-4be2-87c2-0dea100fb7fa","34f37ef1-7be6-4044-85f0-fd2a619a91b1":"d179167e-a95e-493f-a251-ed8bd28e7fa6","9ab2147d-8bc4-4803-a1de-7ce7980534a5":"635375c8-6a3d-45da-a8b0-54bb309cf4b5","33dc6c62-b0d5-4cae-8994-c60983c6e242":"6ba41bf2-1ee8-42b5-b595-4ed872f644fa","12821924-9beb-48d9-a1a2-9d7aedbe662e":"48be3dd0-123d-48a9-beda-f776e9437145"},"template_id":164298857},"be0d4abc-ebea-47fd-93f5-4c4f3b9943fd":{"enabled":true,"tags":[],"children":["93f6265d-2b2b-4606-a5c5-4940cad22983"],"position":[0,0,0],"rotation":[-0.0000316465,-0.000034151,-0.0000076982],"scale":[1,1,1],"resource_id":"be0d4abc-ebea-47fd-93f5-4c4f3b9943fd","name":"KayKit Animated Character","components":{},"parent":"2451586f-0c91-4736-bd10-3e0f05c5deab"},"93f6265d-2b2b-4606-a5c5-4940cad22983":{"enabled":true,"tags":[],"children":["3bb912de-f27f-4b10-8894-77a179cac33f","59f8b0af-0c96-462b-ba23-d39bb477b54b","9ab2147d-8bc4-4803-a1de-7ce7980534a5"],"position":[0,0,0],"rotation":[-0.00000933467,0,0],"scale":[1,1,1],"resource_id":"93f6265d-2b2b-4606-a5c5-4940cad22983","name":"Body","components":{},"parent":"be0d4abc-ebea-47fd-93f5-4c4f3b9943fd"},"3bb912de-f27f-4b10-8894-77a179cac33f":{"enabled":true,"tags":[],"children":[],"position":[0,0.711598,0],"rotation":[8.14222e-13,0,0],"scale":[1,1,1],"resource_id":"3bb912de-f27f-4b10-8894-77a179cac33f","name":"Head","components":{},"parent":"93f6265d-2b2b-4606-a5c5-4940cad22983"},"59f8b0af-0c96-462b-ba23-d39bb477b54b":{"enabled":true,"tags":[],"children":["34f37ef1-7be6-4044-85f0-fd2a619a91b1"],"position":[0.14,0.691598,0],"rotation":[151.84,90,0],"scale":[1,1,1],"resource_id":"59f8b0af-0c96-462b-ba23-d39bb477b54b","name":"armLeft","components":{},"parent":"93f6265d-2b2b-4606-a5c5-4940cad22983"},"34f37ef1-7be6-4044-85f0-fd2a619a91b1":{"enabled":true,"tags":[],"children":[],"position":[-1.24345e-14,0.550922,-7.45059e-9],"rotation":[-0.00000434411,-118.16,90],"scale":[1,1,1],"resource_id":"34f37ef1-7be6-4044-85f0-fd2a619a91b1","name":"handSlotLeft","components":{},"parent":"59f8b0af-0c96-462b-ba23-d39bb477b54b"},"9ab2147d-8bc4-4803-a1de-7ce7980534a5":{"enabled":true,"tags":[],"children":["33dc6c62-b0d5-4cae-8994-c60983c6e242"],"position":[-0.14,0.691598,0],"rotation":[-151.84,89.9999,0],"scale":[1,1,1],"resource_id":"9ab2147d-8bc4-4803-a1de-7ce7980534a5","name":"armRight","components":{},"parent":"93f6265d-2b2b-4606-a5c5-4940cad22983"},"33dc6c62-b0d5-4cae-8994-c60983c6e242":{"enabled":true,"tags":[],"children":[],"position":[-3.55271e-15,0.550922,1.49012e-8],"rotation":[-0.0000333799,-61.84,90],"scale":[1,1,1],"resource_id":"33dc6c62-b0d5-4cae-8994-c60983c6e242","name":"handSlotRight","components":{},"parent":"9ab2147d-8bc4-4803-a1de-7ce7980534a5"},"12821924-9beb-48d9-a1a2-9d7aedbe662e":{"enabled":true,"tags":[],"children":[],"position":[0,0,0],"rotation":[-0.00000432571,-6.22318e-12,-2.51049e-12],"scale":[1,1,1],"resource_id":"12821924-9beb-48d9-a1a2-9d7aedbe662e","name":"PrototypePete","components":{"render":{"enabled":true,"type":"asset","asset":164298855,"materialAssets":[164298851],"layers":[0],"batchGroupId":null,"castShadows":true,"castShadowsLightmap":true,"receiveShadows":true,"lightmapped":false,"lightmapSizeMultiplier":1,"castShadowsLightMap":true,"lightMapped":false,"lightMapSizeMultiplier":1,"isStatic":false,"rootBone":"93f6265d-2b2b-4606-a5c5-4940cad22983"}},"parent":"2451586f-0c91-4736-bd10-3e0f05c5deab"},"2813d33e-9883-4069-8faa-d7d10eb0f8d0":{"name":"Player","tags":["player"],"enabled":true,"resource_id":"2813d33e-9883-4069-8faa-d7d10eb0f8d0","parent":"e951e842-82e0-11ee-9eae-baf4d5e490e2","children":["2451586f-0c91-4736-bd10-3e0f05c5deab","b627f013-edae-4c2d-b29f-8a9bb46380ee"],"position":[0,3,0],"rotation":[0,90,0],"scale":[1,1,1],"components":{"anim":{"stateGraphAsset":164352774,"animationAssets":{"Base:Idle":{"asset":164298849},"Base:Run":{"asset":164298847},"Base:Jump":{"asset":164298843},"Base:Hit":{"asset":164298840}},"enabled":true,"speed":1,"activate":true,"playing":false,"rootBone":"2451586f-0c91-4736-bd10-3e0f05c5deab","masks":{},"normalizeWeights":false},"rigidbody":{"enabled":true,"type":"dynamic","mass":100,"linearDamping":0,"angularDamping":0,"linearFactor":[0,1,0],"angularFactor":[0,0,0],"friction":0,"restitution":0},"collision":{"enabled":true,"type":"capsule","halfExtents":[0.5,1,0.5],"radius":0.5,"axis":1,"height":2,"asset":null,"renderAsset":null,"linearOffset":[0,0,0],"angularOffset":[0,0,0]},"script":{"enabled":true,"order":["player"],"scripts":{"player":{"enabled":true,"attributes":{"jumpPower":500,"landingParticle":"d47b6101-f67e-47b2-8f39-32a2c1db17bf","runningParticle":"b627f013-edae-4c2d-b29f-8a9bb46380ee"}}}}}},"7d6ff8f7-1d83-4d5a-864f-b5ef12dc5fe8":{"name":"Ground Collision","tags":["ground"],"enabled":true,"resource_id":"7d6ff8f7-1d83-4d5a-864f-b5ef12dc5fe8","parent":"e951e842-82e0-11ee-9eae-baf4d5e490e2","children":[],"position":[0,1,0],"rotation":[0,0,0],"scale":[2,2,2],"components":{"collision":{"enabled":true,"type":"box","halfExtents":[1,1,1],"radius":0.5,"axis":1,"height":2,"asset":null,"renderAsset":null,"linearOffset":[0,0,0],"angularOffset":[0,0,0]},"rigidbody":{"enabled":true,"type":"static","mass":1,"linearDamping":0,"angularDamping":0,"linearFactor":[1,1,1],"angularFactor":[1,1,1],"friction":0.5,"restitution":0.5}}},"f8725198-c553-450c-83cb-ed4a580e4630":{"name":"Background sky","tags":[],"enabled":true,"resource_id":"f8725198-c553-450c-83cb-ed4a580e4630","parent":"e951e842-82e0-11ee-9eae-baf4d5e490e2","children":[],"position":[0,6,-21],"rotation":[90,0,0],"scale":[55,1,30],"components":{"render":{"enabled":true,"type":"plane","asset":null,"materialAssets":[164354792],"layers":[0],"batchGroupId":null,"castShadows":true,"castShadowsLightmap":true,"receiveShadows":true,"lightmapped":false,"lightmapSizeMultiplier":1,"castShadowsLightMap":true,"lightMapped":false,"lightMapSizeMultiplier":1,"isStatic":false,"rootBone":null}}},"fa2dbc2d-9d60-4637-b87a-08b359fa7ff8":{"name":"2D Screen","tags":[],"enabled":true,"resource_id":"fa2dbc2d-9d60-4637-b87a-08b359fa7ff8","parent":"e951e842-82e0-11ee-9eae-baf4d5e490e2","children":["c33ed986-522b-45fe-a981-a4f4dc6fbd33","f0266d26-1cd3-4b5e-8b5e-73f69bb6f2f9","0f2e5b10-f563-4596-a965-ef8859bde366"],"position":[0,0,0],"rotation":[0,0,0],"scale":[1,1,1],"components":{"screen":{"enabled":true,"screenSpace":true,"scaleMode":"blend","scaleBlend":0.5,"resolution":[1280,720],"referenceResolution":[1280,720],"priority":0}}},"c33ed986-522b-45fe-a981-a4f4dc6fbd33":{"name":"Play Btn","tags":[],"enabled":true,"resource_id":"c33ed986-522b-45fe-a981-a4f4dc6fbd33","parent":"fa2dbc2d-9d60-4637-b87a-08b359fa7ff8","children":[],"position":[0,100.00000953674316,0],"rotation":[0,0,0],"scale":[1,1,1],"components":{"element":{"enabled":true,"type":"image","anchor":[0.5,0,0.5,0],"pivot":[0.5,0.5],"text":"","key":null,"fontAsset":164298864,"fontSize":32,"minFontSize":8,"maxFontSize":32,"autoFitWidth":false,"autoFitHeight":false,"maxLines":null,"lineHeight":32,"wrapLines":true,"spacing":1,"color":[1,1,1],"opacity":1,"textureAsset":null,"spriteAsset":164359696,"spriteFrame":0,"pixelsPerUnit":null,"width":120,"height":120,"margin":[-60,40,-60,-160],"alignment":[0.5,0.5],"outlineColor":[0,0,0,1],"outlineThickness":0,"shadowColor":[0,0,0,1],"shadowOffset":[0,0],"rect":[0,0,1,1],"materialAsset":null,"autoWidth":false,"autoHeight":false,"fitMode":"stretch","useInput":true,"batchGroupId":null,"mask":false,"layers":[4],"enableMarkup":false},"button":{"enabled":true,"active":true,"imageEntity":"c33ed986-522b-45fe-a981-a4f4dc6fbd33","hitPadding":[0,0,0,0],"transitionMode":1,"hoverTint":[1,1,1,1],"pressedTint":[1,1,1,1],"inactiveTint":[1,1,1,1],"fadeDuration":0,"hoverSpriteAsset":164359697,"hoverSpriteFrame":0,"pressedSpriteAsset":164359696,"pressedSpriteFrame":0,"inactiveSpriteAsset":164359696,"inactiveSpriteFrame":0,"hoverTextureAsset":null,"pressedTextureAsset":null,"inactiveTextureAsset":null}}},"f0266d26-1cd3-4b5e-8b5e-73f69bb6f2f9":{"name":"Title","tags":[],"enabled":true,"resource_id":"f0266d26-1cd3-4b5e-8b5e-73f69bb6f2f9","parent":"fa2dbc2d-9d60-4637-b87a-08b359fa7ff8","children":[],"position":[0,-100,0],"rotation":[0,0,0],"scale":[1,1,1],"components":{"element":{"enabled":true,"type":"text","anchor":[0.5,0.5,0.5,0.5],"pivot":[0.5,0.5],"text":"Infinity Runner","key":null,"fontAsset":164298864,"fontSize":80,"minFontSize":8,"maxFontSize":32,"autoFitWidth":false,"autoFitHeight":false,"maxLines":null,"lineHeight":32,"wrapLines":true,"spacing":1,"color":[1,1,1],"opacity":1,"textureAsset":null,"spriteAsset":null,"spriteFrame":0,"pixelsPerUnit":null,"width":212.096,"height":29.413,"margin":[-106.048,-114.707,-106.048,85.293],"alignment":[0.5,0.5],"outlineColor":[1,0.6235294117647059,0,1],"outlineThickness":0.8,"shadowColor":[0,0,0,0.16470588235294117],"shadowOffset":[0.2,-0.35],"rect":[0,0,1,1],"materialAsset":null,"autoWidth":true,"autoHeight":true,"fitMode":"stretch","useInput":false,"batchGroupId":null,"mask":false,"layers":[4],"enableMarkup":false}}},"0f2e5b10-f563-4596-a965-ef8859bde366":{"name":"Score","tags":[],"enabled":true,"resource_id":"0f2e5b10-f563-4596-a965-ef8859bde366","parent":"fa2dbc2d-9d60-4637-b87a-08b359fa7ff8","children":[],"position":[0,-55.001669875136315,0],"rotation":[0,0,0],"scale":[1,1,1],"components":{"element":{"enabled":true,"type":"text","anchor":[0.5,1,0.5,1],"pivot":[0.5,0.5],"text":"00","key":null,"fontAsset":164298863,"fontSize":40,"minFontSize":8,"maxFontSize":32,"autoFitWidth":false,"autoFitHeight":false,"maxLines":null,"lineHeight":32,"wrapLines":true,"spacing":1,"color":[1,1,1],"opacity":1,"textureAsset":null,"spriteAsset":null,"spriteFrame":0,"pixelsPerUnit":null,"width":35.84,"height":25.509,"margin":[-17.92,-67.756,-17.92,42.247],"alignment":[0.5,0.5],"outlineColor":[0,0,0,1],"outlineThickness":0,"shadowColor":[0,0,0,1],"shadowOffset":[0,0],"rect":[0,0,1,1],"materialAsset":null,"autoWidth":true,"autoHeight":true,"fitMode":"stretch","useInput":false,"batchGroupId":null,"mask":false,"layers":[4],"enableMarkup":false}}},"d47b6101-f67e-47b2-8f39-32a2c1db17bf":{"name":"Hit Particle","tags":[],"enabled":false,"resource_id":"d47b6101-f67e-47b2-8f39-32a2c1db17bf","parent":"e951e842-82e0-11ee-9eae-baf4d5e490e2","children":[],"position":[0,2,0],"rotation":[0,0,0],"scale":[1,1,1],"components":{"particlesystem":{"enabled":true,"autoPlay":true,"numParticles":5,"lifetime":1,"rate":0,"rate2":0,"startAngle":0,"startAngle2":0,"loop":false,"preWarm":false,"lighting":false,"halfLambert":false,"intensity":1,"depthWrite":false,"depthSoftening":0,"sort":0,"blendType":2,"stretch":0,"alignToMotion":false,"emitterShape":1,"emitterExtents":[0,0,0],"emitterExtentsInner":[0,0,0],"orientation":1,"particleNormal":[0,1,0],"emitterRadius":0,"emitterRadiusInner":0,"initialVelocity":0,"animTilesX":1,"animTilesY":1,"animStartFrame":0,"animNumFrames":1,"animNumAnimations":1,"animIndex":0,"randomizeAnimIndex":false,"animSpeed":1,"animLoop":true,"wrap":false,"wrapBounds":[0,0,0],"colorMapAsset":null,"normalMapAsset":null,"mesh":null,"renderAsset":164298800,"localSpace":false,"screenSpace":false,"localVelocityGraph":{"type":1,"keys":[[0,0],[0,0],[0,0]],"betweenCurves":false},"localVelocityGraph2":{"type":1,"keys":[[0,0],[0,0],[0,0]]},"velocityGraph":{"type":1,"keys":[[0,-5,1,0],[0,1,0.9953488372093023,0.6875],[0,1,0.9953488372093023,-0.5]],"betweenCurves":true},"velocityGraph2":{"type":1,"keys":[[0,-5,1,0],[0,-1],[0,-1]]},"rotationSpeedGraph":{"type":1,"keys":[0,0],"betweenCurves":false},"rotationSpeedGraph2":{"type":1,"keys":[0,0]},"radialSpeedGraph":{"type":1,"keys":[0,0],"betweenCurves":false},"radialSpeedGraph2":{"type":1,"keys":[0,0]},"scaleGraph":{"type":1,"keys":[0,0.001,1,0.01],"betweenCurves":false},"scaleGraph2":{"type":1,"keys":[0,0.001,1,0.01]},"colorGraph":{"type":4,"keys":[[0,1,0.8135838150289018,1],[0,0.9294117647058823,0.8135838150289018,0.9294117647058824],[0,0.37254901960784315,0.8135838150289018,0.37254901960784315]],"betweenCurves":false},"alphaGraph":{"type":1,"keys":[0,1,1,0],"betweenCurves":false},"alphaGraph2":{"type":1,"keys":[0,1,1,0]},"layers":[0]}}},"b627f013-edae-4c2d-b29f-8a9bb46380ee":{"name":"Running Particle","tags":[],"enabled":true,"resource_id":"b627f013-edae-4c2d-b29f-8a9bb46380ee","parent":"2813d33e-9883-4069-8faa-d7d10eb0f8d0","children":[],"position":[0,-1,0],"rotation":[0,-90,0],"scale":[1,1,1],"components":{"particlesystem":{"enabled":true,"autoPlay":true,"numParticles":50,"lifetime":0.8,"rate":0.1,"rate2":0.1,"startAngle":0,"startAngle2":0,"loop":true,"preWarm":false,"lighting":false,"halfLambert":false,"intensity":1,"depthWrite":false,"depthSoftening":0,"sort":0,"blendType":2,"stretch":0,"alignToMotion":false,"emitterShape":0,"emitterExtents":[0,0,0],"emitterExtentsInner":[0,0,0],"orientation":0,"particleNormal":[0,1,0],"emitterRadius":0,"emitterRadiusInner":0,"initialVelocity":0,"animTilesX":1,"animTilesY":1,"animStartFrame":0,"animNumFrames":1,"animNumAnimations":1,"animIndex":0,"randomizeAnimIndex":false,"animSpeed":1,"animLoop":true,"wrap":false,"wrapBounds":[0,0,0],"colorMapAsset":null,"normalMapAsset":null,"mesh":null,"renderAsset":164298800,"localSpace":false,"screenSpace":false,"localVelocityGraph":{"type":1,"keys":[[0,-5,1,0],[0,0],[0,0]],"betweenCurves":false},"localVelocityGraph2":{"type":1,"keys":[[0,-5,1,0],[0,0],[0,0]]},"velocityGraph":{"type":1,"keys":[[0,-1],[0,-1],[0,-1]],"betweenCurves":true},"velocityGraph2":{"type":1,"keys":[[0,1],[0,1],[0,1]]},"rotationSpeedGraph":{"type":1,"keys":[0,0],"betweenCurves":false},"rotationSpeedGraph2":{"type":1,"keys":[0,0]},"radialSpeedGraph":{"type":1,"keys":[0,0],"betweenCurves":false},"radialSpeedGraph2":{"type":1,"keys":[0,0]},"scaleGraph":{"type":1,"keys":[0,0.0005,1,0.002],"betweenCurves":false},"scaleGraph2":{"type":1,"keys":[0,0.0005,1,0.002]},"colorGraph":{"type":4,"keys":[[0,1,1,1],[0,0.9215686274509803,1,1],[0,0.3058823529411765,1,1]],"betweenCurves":false},"alphaGraph":{"type":1,"keys":[0,1,1,0],"betweenCurves":false},"alphaGraph2":{"type":1,"keys":[0,1,1,0]},"layers":[0]}}},"229fb690-6938-4c9d-9b29-42b98afde246":{"name":"Sound","tags":[],"enabled":true,"resource_id":"229fb690-6938-4c9d-9b29-42b98afde246","parent":"e951e842-82e0-11ee-9eae-baf4d5e490e2","children":["253ff00c-35b2-45ac-a07a-089e588f83c2"],"position":[0,0,0],"rotation":[0,0,0],"scale":[1,1,1],"components":{"sound":{"enabled":true,"volume":1,"pitch":1,"positional":true,"refDistance":1,"maxDistance":10000,"rollOffFactor":1,"distanceModel":"linear","slots":{"2":{"name":"jump","loop":false,"autoPlay":false,"overlap":false,"asset":164298927,"startTime":0,"duration":null,"volume":1,"pitch":1},"3":{"name":"land","loop":false,"autoPlay":false,"overlap":false,"asset":164298925,"startTime":0,"duration":null,"volume":1,"pitch":1},"4":{"name":"hit","loop":false,"autoPlay":false,"overlap":false,"asset":164298926,"startTime":0,"duration":null,"volume":1,"pitch":1},"5":{"name":"collect","loop":false,"autoPlay":false,"overlap":false,"asset":164298924,"startTime":0,"duration":null,"volume":1,"pitch":1}}}}},"253ff00c-35b2-45ac-a07a-089e588f83c2":{"name":"BGM","tags":[],"enabled":true,"resource_id":"253ff00c-35b2-45ac-a07a-089e588f83c2","parent":"229fb690-6938-4c9d-9b29-42b98afde246","children":[],"position":[0,0,0],"rotation":[0,0,0],"scale":[1,1,1],"components":{"sound":{"enabled":true,"volume":1,"pitch":1,"positional":true,"refDistance":1,"maxDistance":10000,"rollOffFactor":1,"distanceModel":"linear","slots":{"1":{"name":"Slot 1","loop":false,"autoPlay":true,"overlap":false,"asset":164298928,"startTime":0,"duration":null,"volume":0.3,"pitch":1}}}}},"3f70ad1c-4e13-40b5-ac67-c7043bb97056":{"name":"Background","tags":[],"enabled":true,"resource_id":"3f70ad1c-4e13-40b5-ac67-c7043bb97056","parent":"e951e842-82e0-11ee-9eae-baf4d5e490e2","children":["3c7181b4-23a5-41b5-b281-6d5fcfb99d75","3840929d-12a1-42e6-bde1-15831483341e","df9400f7-fec7-4d13-895a-a35ff24bb34b","d25bb43e-60c9-4a10-94ee-19ff987b2cc7","18b718fb-a5a5-4c04-a7e3-0d09e7e576b5","554cf576-757c-4220-9c15-29b2f819a0ce","477aa635-5012-4a47-846b-9eac5e11c5db"],"position":[0,0,0],"rotation":[0,0,0],"scale":[1,1,1],"components":{}},"3c7181b4-23a5-41b5-b281-6d5fcfb99d75":{"enabled":true,"tags":[],"children":["4cca496a-2ee4-4eea-b015-5668fd75cc5b"],"position":[-10,0,-2],"rotation":[0,0,0],"scale":[0.01,0.01,0.01],"resource_id":"3c7181b4-23a5-41b5-b281-6d5fcfb99d75","name":"hil1","components":{"script":{"enabled":true,"order":["moveItems"],"scripts":{"moveItems":{"enabled":true,"attributes":{"speed":-6,"startPos":21,"endPos":-15}}}}},"parent":"3f70ad1c-4e13-40b5-ac67-c7043bb97056","template_ent_ids":{"3c7181b4-23a5-41b5-b281-6d5fcfb99d75":"25b89d69-3ec5-438d-81ab-af199bbceca6","4cca496a-2ee4-4eea-b015-5668fd75cc5b":"75066740-1d47-4fba-8b18-6733669e40cd"},"template_id":164298816},"4cca496a-2ee4-4eea-b015-5668fd75cc5b":{"enabled":true,"tags":[],"children":[],"position":[0,100,0],"rotation":[-90,0,0],"scale":[100,100,100],"resource_id":"4cca496a-2ee4-4eea-b015-5668fd75cc5b","name":"Hil1","components":{"render":{"enabled":true,"type":"asset","asset":164298814,"materialAssets":[164298803],"layers":[0],"batchGroupId":null,"castShadows":true,"castShadowsLightmap":true,"receiveShadows":true,"lightmapped":false,"lightmapSizeMultiplier":1,"castShadowsLightMap":true,"lightMapped":false,"lightMapSizeMultiplier":1,"isStatic":false,"rootBone":null}},"parent":"3c7181b4-23a5-41b5-b281-6d5fcfb99d75"},"df9400f7-fec7-4d13-895a-a35ff24bb34b":{"enabled":true,"tags":[],"children":["47576548-e1d8-4b8b-850a-d44359539ae8"],"position":[7,0,-2],"rotation":[0,0,0],"scale":[0.01,0.01,0.01],"resource_id":"df9400f7-fec7-4d13-895a-a35ff24bb34b","name":"hil2","components":{"script":{"enabled":true,"order":["moveItems"],"scripts":{"moveItems":{"enabled":true,"attributes":{"speed":-6,"startPos":18,"endPos":-18}}}}},"parent":"3f70ad1c-4e13-40b5-ac67-c7043bb97056","template_ent_ids":{"df9400f7-fec7-4d13-895a-a35ff24bb34b":"c422abba-e13c-476a-930c-8d568cb36e3c","47576548-e1d8-4b8b-850a-d44359539ae8":"419197be-c39e-4d47-8608-88a6bf340f68"},"template_id":164298817},"47576548-e1d8-4b8b-850a-d44359539ae8":{"enabled":true,"tags":[],"children":[],"position":[0,300,-600],"rotation":[-90,0,0],"scale":[100,100,100],"resource_id":"47576548-e1d8-4b8b-850a-d44359539ae8","name":"898","components":{"render":{"enabled":true,"type":"asset","asset":164298815,"materialAssets":[164298805],"layers":[0],"batchGroupId":null,"castShadows":true,"castShadowsLightmap":true,"receiveShadows":true,"lightmapped":false,"lightmapSizeMultiplier":1,"castShadowsLightMap":true,"lightMapped":false,"lightMapSizeMultiplier":1,"isStatic":false,"rootBone":null}},"parent":"df9400f7-fec7-4d13-895a-a35ff24bb34b"},"18b718fb-a5a5-4c04-a7e3-0d09e7e576b5":{"enabled":true,"tags":[],"children":["5016a9a0-43b9-4a91-85c2-9f17b4406b0b"],"position":[0,6,0],"rotation":[0,90,0],"scale":[0.01,0.01,0.01],"resource_id":"18b718fb-a5a5-4c04-a7e3-0d09e7e576b5","name":"cloud","components":{"script":{"enabled":true,"order":["moveItems"],"scripts":{"moveItems":{"enabled":true,"attributes":{"speed":-6,"startPos":21,"endPos":-15}}}}},"parent":"3f70ad1c-4e13-40b5-ac67-c7043bb97056","template_ent_ids":{"18b718fb-a5a5-4c04-a7e3-0d09e7e576b5":"8a153bea-f71b-44ec-9c1e-29608ca10b9f","5016a9a0-43b9-4a91-85c2-9f17b4406b0b":"12e01e13-1223-4794-b6f0-3411acd555e8"},"template_id":164298811},"5016a9a0-43b9-4a91-85c2-9f17b4406b0b":{"enabled":true,"tags":[],"children":[],"position":[0,0,0],"rotation":[-90,0,0],"scale":[100,60.51331881353297,55.510809704567606],"resource_id":"5016a9a0-43b9-4a91-85c2-9f17b4406b0b","name":"475","components":{"render":{"enabled":true,"type":"asset","asset":164298801,"materialAssets":[164298793],"layers":[0],"batchGroupId":null,"castShadows":true,"castShadowsLightmap":true,"receiveShadows":true,"lightmapped":false,"lightmapSizeMultiplier":1,"castShadowsLightMap":true,"lightMapped":false,"lightMapSizeMultiplier":1,"isStatic":false,"rootBone":null}},"parent":"18b718fb-a5a5-4c04-a7e3-0d09e7e576b5"},"3840929d-12a1-42e6-bde1-15831483341e":{"name":"hil3","tags":[],"enabled":true,"resource_id":"3840929d-12a1-42e6-bde1-15831483341e","parent":"3f70ad1c-4e13-40b5-ac67-c7043bb97056","children":["871021cf-e595-404e-86ce-77774ea9e0fe"],"position":[10,0,-2],"rotation":[0,0,0],"scale":[0.01,0.01,0.01],"components":{"script":{"enabled":true,"order":["moveItems"],"scripts":{"moveItems":{"enabled":true,"attributes":{"speed":-6,"startPos":21,"endPos":-15}}}}},"template_id":164298816,"template_ent_ids":{"3840929d-12a1-42e6-bde1-15831483341e":"25b89d69-3ec5-438d-81ab-af199bbceca6","871021cf-e595-404e-86ce-77774ea9e0fe":"75066740-1d47-4fba-8b18-6733669e40cd"}},"871021cf-e595-404e-86ce-77774ea9e0fe":{"name":"Hil1","tags":[],"enabled":true,"resource_id":"871021cf-e595-404e-86ce-77774ea9e0fe","parent":"3840929d-12a1-42e6-bde1-15831483341e","children":[],"position":[0,100,0],"rotation":[-90,0,0],"scale":[100,100,100],"components":{"render":{"enabled":true,"type":"asset","asset":164298814,"materialAssets":[164298803],"layers":[0],"batchGroupId":null,"castShadows":true,"castShadowsLightmap":true,"receiveShadows":true,"lightmapped":false,"lightmapSizeMultiplier":1,"castShadowsLightMap":true,"lightMapped":false,"lightMapSizeMultiplier":1,"isStatic":false,"rootBone":null}}},"d25bb43e-60c9-4a10-94ee-19ff987b2cc7":{"name":"hil4","tags":[],"enabled":true,"resource_id":"d25bb43e-60c9-4a10-94ee-19ff987b2cc7","parent":"3f70ad1c-4e13-40b5-ac67-c7043bb97056","children":["107b3e34-07f5-486f-a960-56b6d90c84da"],"position":[-2,-2,-2],"rotation":[0,0,0],"scale":[0.01,0.01,0.01],"components":{"script":{"enabled":true,"order":["moveItems"],"scripts":{"moveItems":{"enabled":true,"attributes":{"speed":-6,"startPos":18,"endPos":-18}}}}},"template_id":164298817,"template_ent_ids":{"d25bb43e-60c9-4a10-94ee-19ff987b2cc7":"c422abba-e13c-476a-930c-8d568cb36e3c","107b3e34-07f5-486f-a960-56b6d90c84da":"419197be-c39e-4d47-8608-88a6bf340f68"}},"107b3e34-07f5-486f-a960-56b6d90c84da":{"name":"898","tags":[],"enabled":true,"resource_id":"107b3e34-07f5-486f-a960-56b6d90c84da","parent":"d25bb43e-60c9-4a10-94ee-19ff987b2cc7","children":[],"position":[0,300,-600],"rotation":[-90,0,0],"scale":[100,100,100],"components":{"render":{"enabled":true,"type":"asset","asset":164298815,"materialAssets":[164298805],"layers":[0],"batchGroupId":null,"castShadows":true,"castShadowsLightmap":true,"receiveShadows":true,"lightmapped":false,"lightmapSizeMultiplier":1,"castShadowsLightMap":true,"lightMapped":false,"lightMapSizeMultiplier":1,"isStatic":false,"rootBone":null}}},"477aa635-5012-4a47-846b-9eac5e11c5db":{"name":"cloud2","tags":[],"enabled":true,"resource_id":"477aa635-5012-4a47-846b-9eac5e11c5db","parent":"3f70ad1c-4e13-40b5-ac67-c7043bb97056","children":["452c0b66-7ba5-4af5-a837-b3fc8f2ae15b"],"position":[7,8,0],"rotation":[0,90,0],"scale":[0.01,0.01,0.01],"components":{"script":{"enabled":true,"order":["moveItems"],"scripts":{"moveItems":{"enabled":true,"attributes":{"speed":-6,"startPos":21,"endPos":-15}}}}},"template_id":164298811,"template_ent_ids":{"477aa635-5012-4a47-846b-9eac5e11c5db":"8a153bea-f71b-44ec-9c1e-29608ca10b9f","452c0b66-7ba5-4af5-a837-b3fc8f2ae15b":"12e01e13-1223-4794-b6f0-3411acd555e8"}},"452c0b66-7ba5-4af5-a837-b3fc8f2ae15b":{"name":"475","tags":[],"enabled":true,"resource_id":"452c0b66-7ba5-4af5-a837-b3fc8f2ae15b","parent":"477aa635-5012-4a47-846b-9eac5e11c5db","children":[],"position":[0,0,0],"rotation":[-90,0,0],"scale":[100,100,79.9090628864633],"components":{"render":{"enabled":true,"type":"asset","asset":164298801,"materialAssets":[164298793],"layers":[0],"batchGroupId":null,"castShadows":true,"castShadowsLightmap":true,"receiveShadows":true,"lightmapped":false,"lightmapSizeMultiplier":1,"castShadowsLightMap":true,"lightMapped":false,"lightMapSizeMultiplier":1,"isStatic":false,"rootBone":null}}},"554cf576-757c-4220-9c15-29b2f819a0ce":{"name":"cloud3","tags":[],"enabled":true,"resource_id":"554cf576-757c-4220-9c15-29b2f819a0ce","parent":"3f70ad1c-4e13-40b5-ac67-c7043bb97056","children":["f2ba4df1-ac25-45e3-ad62-fd90da78f33d"],"position":[12,6.4807973884107,0],"rotation":[0,90,0],"scale":[0.01,0.01,0.01],"components":{"script":{"enabled":true,"order":["moveItems"],"scripts":{"moveItems":{"enabled":true,"attributes":{"speed":-6,"startPos":21,"endPos":-15}}}}},"template_id":164298811,"template_ent_ids":{"554cf576-757c-4220-9c15-29b2f819a0ce":"8a153bea-f71b-44ec-9c1e-29608ca10b9f","f2ba4df1-ac25-45e3-ad62-fd90da78f33d":"12e01e13-1223-4794-b6f0-3411acd555e8"}},"f2ba4df1-ac25-45e3-ad62-fd90da78f33d":{"name":"475","tags":[],"enabled":true,"resource_id":"f2ba4df1-ac25-45e3-ad62-fd90da78f33d","parent":"554cf576-757c-4220-9c15-29b2f819a0ce","children":[],"position":[0,0,0],"rotation":[-90,0,0],"scale":[100,51.436109660916074,45.90861353883086],"components":{"render":{"enabled":true,"type":"asset","asset":164298801,"materialAssets":[164298793],"layers":[0],"batchGroupId":null,"castShadows":true,"castShadowsLightmap":true,"receiveShadows":true,"lightmapped":false,"lightmapSizeMultiplier":1,"castShadowsLightMap":true,"lightMapped":false,"lightMapSizeMultiplier":1,"isStatic":false,"rootBone":null}}}},"checkpoint_id":"c1238276-f0a0-4d21-a005-43f91623435f","_type":"http://sharejs.org/types/JSONv0","_v":1,"_m":{"ctime":1699961299373.729,"mtime":1705862392864},"_o":"65ad64f80dab46fb1b209af3","id":"1936420"}}